-- phpMyAdmin SQL Dump
-- version 4.0.4
-- http://www.phpmyadmin.net
--
-- 主机: localhost
-- 生成日期: 2016 年 05 月 24 日 22:46
-- 服务器版本: 5.5.36
-- PHP 版本: 5.4.12

SET SQL_MODE = "NO_AUTO_VALUE_ON_ZERO";
SET time_zone = "+00:00";


/*!40101 SET @OLD_CHARACTER_SET_CLIENT=@@CHARACTER_SET_CLIENT */;
/*!40101 SET @OLD_CHARACTER_SET_RESULTS=@@CHARACTER_SET_RESULTS */;
/*!40101 SET @OLD_COLLATION_CONNECTION=@@COLLATION_CONNECTION */;
/*!40101 SET NAMES utf8 */;

--
-- 数据库: `chenjtwebsite`
--
CREATE DATABASE IF NOT EXISTS `chenjtwebsite` DEFAULT CHARACTER SET utf8 COLLATE utf8_general_ci;
USE `chenjtwebsite`;

-- --------------------------------------------------------

--
-- 表的结构 `cjt_admin`
--

CREATE TABLE IF NOT EXISTS `cjt_admin` (
  `id` int(5) unsigned NOT NULL AUTO_INCREMENT COMMENT '用户id',
  `username` varchar(40) NOT NULL COMMENT '用户名',
  `password` varchar(50) NOT NULL COMMENT '密码',
  PRIMARY KEY (`id`)
) ENGINE=InnoDB  DEFAULT CHARSET=utf8 AUTO_INCREMENT=10 ;

--
-- 转存表中的数据 `cjt_admin`
--

INSERT INTO `cjt_admin` (`id`, `username`, `password`) VALUES
(1, 'cjt', 'e10adc3949ba59abbe56e057f20f883e'),
(2, 'chenjinting', '03c7c0ace395d80182db07ae2c30f034'),
(3, 'z', 'd41d8cd98f00b204e9800998ecf8427e'),
(4, 'qw', '7694f4a66316e53c8cdd9d9954bd611d'),
(5, '4', 'c4ca4238a0b923820dcc509a6f75849b'),
(6, 'e', 'd41d8cd98f00b204e9800998ecf8427e'),
(7, 'u', 'd41d8cd98f00b204e9800998ecf8427e'),
(8, '41', 'd41d8cd98f00b204e9800998ecf8427e'),
(9, '的', 'd41d8cd98f00b204e9800998ecf8427e');

-- --------------------------------------------------------

--
-- 表的结构 `cjt_article`
--

CREATE TABLE IF NOT EXISTS `cjt_article` (
  `id` int(5) unsigned NOT NULL AUTO_INCREMENT,
  `title` varchar(120) NOT NULL COMMENT '标题',
  `author` varchar(20) DEFAULT NULL COMMENT '作者',
  `coverpic` varchar(100) DEFAULT 'default.jpg' COMMENT '封面',
  `abstract` text COMMENT '文章摘要内容',
  `content` text NOT NULL COMMENT '内容',
  `readnum` int(20) DEFAULT '0' COMMENT '文章阅读量',
  `sortid` int(5) NOT NULL COMMENT '分类id',
  `time` int(20) DEFAULT NULL COMMENT '发布时间',
  `lastmodifytime` int(20) DEFAULT NULL COMMENT '最后编辑时间',
  PRIMARY KEY (`id`)
) ENGINE=InnoDB  DEFAULT CHARSET=utf8 AUTO_INCREMENT=179 ;

--
-- 转存表中的数据 `cjt_article`
--

INSERT INTO `cjt_article` (`id`, `title`, `author`, `coverpic`, `abstract`, `content`, `readnum`, `sortid`, `time`, `lastmodifytime`) VALUES
(43, 'werfwe', 'wr', '2016-05-22/57417bbb670b6.png', NULL, '&lt;p&gt;&amp;nbsp; &amp;nbsp; &amp;nbsp; &amp;nbsp; &amp;nbsp; &amp;nbsp; &amp;nbsp; &amp;nbsp; &amp;nbsp; &amp;nbsp; &amp;nbsp; &amp;nbsp; &amp;nbsp; &amp;nbsp; &amp;nbsp; &amp;nbsp; &amp;nbsp; &amp;nbsp; &amp;nbsp; &amp;nbsp; &amp;nbsp; &amp;nbsp; &amp;nbsp; &amp;nbsp; &amp;nbsp; &amp;nbsp; &amp;nbsp; &amp;nbsp; &amp;nbsp; &amp;nbsp; &amp;nbsp; &amp;nbsp; &amp;nbsp; &amp;nbsp; &amp;nbsp; &amp;nbsp; &amp;nbsp; &amp;nbsp; &amp;nbsp; &amp;nbsp; &amp;nbsp; &amp;nbsp; &amp;nbsp; &amp;nbsp; &amp;nbsp; &amp;nbsp; &amp;nbsp; &amp;nbsp; &amp;nbsp; &amp;nbsp; &amp;nbsp; &amp;nbsp; &amp;nbsp; &amp;nbsp; &amp;nbsp; &amp;nbsp; &amp;nbsp; &amp;nbsp; &amp;nbsp; &amp;nbsp; &amp;nbsp; &amp;nbsp; &amp;nbsp; &amp;nbsp; &amp;nbsp; &amp;nbsp; &amp;nbsp; &amp;nbsp; &amp;nbsp; &amp;nbsp; &amp;nbsp; &amp;nbsp; &amp;nbsp; &amp;nbsp; &amp;nbsp; &amp;nbsp; &amp;nbsp; &amp;nbsp; &amp;nbsp; &amp;nbsp; &amp;nbsp; &amp;nbsp; &amp;nbsp; &amp;nbsp; &amp;nbsp; &amp;nbsp; &amp;nbsp; &amp;nbsp; &amp;nbsp; &amp;nbsp; &amp;nbsp; &amp;nbsp; &amp;nbsp; &amp;nbsp; &amp;nbsp; &amp;nbsp; &amp;nbsp; &amp;nbsp; &amp;nbsp; &amp;nbsp; &amp;nbsp; &amp;nbsp; &amp;nbsp; &amp;nbsp; &amp;nbsp; &amp;nbsp; &amp;nbsp; &amp;nbsp; &amp;nbsp; &amp;nbsp; &amp;nbsp; &amp;nbsp; &amp;nbsp; &amp;nbsp; &amp;nbsp; &amp;nbsp; &amp;nbsp; &amp;nbsp; &amp;nbsp; &amp;nbsp; &amp;nbsp; &amp;nbsp; &amp;nbsp; &amp;nbsp; &amp;nbsp; &amp;nbsp;wer &amp;nbsp; &amp;nbsp; &amp;nbsp; &amp;nbsp; &amp;nbsp; &amp;nbsp; &amp;nbsp; &amp;nbsp; &amp;nbsp; &amp;nbsp; &amp;nbsp; &amp;nbsp; &amp;nbsp; &amp;nbsp; &amp;nbsp; &amp;nbsp; &amp;nbsp; &amp;nbsp; &amp;nbsp; &amp;nbsp; &amp;nbsp; &amp;nbsp; &amp;nbsp; &amp;nbsp; &amp;nbsp; &amp;nbsp; &amp;nbsp; &amp;nbsp; &amp;nbsp; &amp;nbsp; &amp;nbsp; &amp;nbsp; &amp;nbsp; &amp;nbsp; &amp;nbsp; &amp;nbsp; &amp;nbsp; &amp;nbsp; &amp;nbsp; &amp;nbsp; &amp;nbsp; &amp;nbsp; &amp;nbsp; &amp;nbsp; &amp;nbsp; &amp;nbsp; &amp;nbsp; &amp;nbsp; &amp;nbsp; &amp;nbsp; &amp;nbsp; &amp;nbsp; &amp;nbsp; &amp;nbsp; &amp;nbsp; &amp;nbsp; &amp;nbsp; &amp;nbsp; &amp;nbsp; &amp;nbsp; &amp;nbsp; &amp;nbsp; &amp;nbsp; &amp;nbsp; &amp;nbsp; &amp;nbsp; &amp;nbsp; &amp;nbsp; &amp;nbsp; &amp;nbsp; &amp;nbsp; &amp;nbsp; &amp;nbsp; &amp;nbsp; &amp;nbsp; &amp;nbsp; &amp;nbsp; &amp;nbsp; &amp;nbsp; &amp;nbsp; &amp;nbsp; &amp;nbsp; &amp;nbsp; &amp;nbsp; &amp;nbsp; &amp;nbsp; &amp;nbsp; &amp;nbsp; &amp;nbsp; &amp;nbsp; &amp;nbsp; &amp;nbsp; &amp;nbsp; &amp;nbsp; &amp;nbsp; &amp;nbsp; &amp;nbsp; &amp;nbsp; &amp;nbsp; &amp;nbsp; &amp;nbsp; &amp;nbsp; &amp;nbsp; &amp;nbsp; &amp;nbsp; &amp;nbsp; &amp;nbsp; &amp;nbsp;&lt;/p&gt;', 2, 14, 1463488926, 1463909307),
(47, 'b', 'b', '2016-05-22/57417abb76a55.jpg', NULL, '&lt;p&gt;&amp;nbsp; &amp;nbsp; &amp;nbsp; &amp;nbsp; &amp;nbsp; &amp;nbsp; &amp;nbsp; &amp;nbsp; &amp;nbsp; &amp;nbsp; &amp;nbsp; &amp;nbsp; &amp;nbsp; &amp;nbsp; &amp;nbsp; &amp;nbsp; &amp;nbsp; &amp;nbsp; &amp;nbsp; &amp;nbsp; &amp;nbsp; &amp;nbsp; &amp;nbsp; &amp;nbsp; &amp;nbsp; &amp;nbsp; &amp;nbsp; &amp;nbsp; &amp;nbsp; &amp;nbsp; &amp;nbsp; &amp;nbsp; &amp;nbsp; &amp;nbsp; &amp;nbsp; &amp;nbsp; &amp;nbsp; &amp;nbsp; &amp;nbsp; &amp;nbsp; &amp;nbsp; &amp;nbsp; &amp;nbsp; &amp;nbsp; &amp;nbsp; &amp;nbsp; &amp;nbsp; &amp;nbsp; &amp;nbsp; &amp;nbsp; &amp;nbsp; &amp;nbsp; &amp;nbsp; &amp;nbsp; &amp;nbsp; &amp;nbsp; &amp;nbsp; &amp;nbsp; &amp;nbsp; &amp;nbsp; &amp;nbsp; &amp;nbsp; &amp;nbsp; &amp;nbsp; &amp;nbsp; &amp;nbsp; &amp;nbsp; &amp;nbsp; &amp;nbsp; &amp;nbsp; &amp;nbsp; &amp;nbsp; &amp;nbsp; &amp;nbsp; &amp;nbsp; &amp;nbsp; &amp;nbsp; &amp;nbsp; &amp;nbsp; &amp;nbsp; &amp;nbsp; &amp;nbsp; &amp;nbsp; &amp;nbsp; &amp;nbsp; &amp;nbsp; &amp;nbsp; &amp;nbsp; &amp;nbsp; &amp;nbsp; &amp;nbsp; &amp;nbsp; &amp;nbsp; &amp;nbsp; &amp;nbsp; &amp;nbsp; &amp;nbsp; &amp;nbsp;bbb &amp;nbsp; &amp;nbsp; &amp;nbsp; &amp;nbsp; &amp;nbsp; &amp;nbsp; &amp;nbsp; &amp;nbsp; &amp;nbsp; &amp;nbsp; &amp;nbsp; &amp;nbsp; &amp;nbsp; &amp;nbsp; &amp;nbsp; &amp;nbsp; &amp;nbsp; &amp;nbsp; &amp;nbsp; &amp;nbsp; &amp;nbsp; &amp;nbsp; &amp;nbsp; &amp;nbsp; &amp;nbsp; &amp;nbsp; &amp;nbsp; &amp;nbsp; &amp;nbsp; &amp;nbsp; &amp;nbsp; &amp;nbsp; &amp;nbsp; &amp;nbsp; &amp;nbsp; &amp;nbsp; &amp;nbsp; &amp;nbsp; &amp;nbsp; &amp;nbsp; &amp;nbsp; &amp;nbsp; &amp;nbsp; &amp;nbsp; &amp;nbsp; &amp;nbsp; &amp;nbsp; &amp;nbsp; &amp;nbsp; &amp;nbsp; &amp;nbsp; &amp;nbsp; &amp;nbsp; &amp;nbsp; &amp;nbsp; &amp;nbsp; &amp;nbsp; &amp;nbsp; &amp;nbsp; &amp;nbsp; &amp;nbsp; &amp;nbsp; &amp;nbsp; &amp;nbsp; &amp;nbsp; &amp;nbsp; &amp;nbsp; &amp;nbsp; &amp;nbsp; &amp;nbsp; &amp;nbsp; &amp;nbsp; &amp;nbsp; &amp;nbsp; &amp;nbsp; &amp;nbsp; &amp;nbsp; &amp;nbsp; &amp;nbsp; &amp;nbsp; &amp;nbsp; &amp;nbsp; &amp;nbsp; &amp;nbsp; &amp;nbsp; &amp;nbsp; &amp;nbsp; &amp;nbsp; &amp;nbsp;&lt;/p&gt;', 3, 11, 1463502505, 1463909051),
(52, '1111111111', '', '2016-05-22/57417ab175f7d.jpg', NULL, '&lt;p&gt;&amp;nbsp; &amp;nbsp; &amp;nbsp; &amp;nbsp; &amp;nbsp; &amp;nbsp; &amp;nbsp; &amp;nbsp; &amp;nbsp; &amp;nbsp; &amp;nbsp; &amp;nbsp; &amp;nbsp; &amp;nbsp; &amp;nbsp; &amp;nbsp; &amp;nbsp; &amp;nbsp; &amp;nbsp; &amp;nbsp; &amp;nbsp; &amp;nbsp; &amp;nbsp; &amp;nbsp; &amp;nbsp; &amp;nbsp; &amp;nbsp; &amp;nbsp;11111111111111111111111111111111111111111111111111111111111111111111111111111111111111111111111111 &amp;nbsp; &amp;nbsp; &amp;nbsp; &amp;nbsp; &amp;nbsp; &amp;nbsp; &amp;nbsp; &amp;nbsp; &amp;nbsp; &amp;nbsp; &amp;nbsp; &amp;nbsp; &amp;nbsp; &amp;nbsp; &amp;nbsp; &amp;nbsp; &amp;nbsp; &amp;nbsp; &amp;nbsp; &amp;nbsp; &amp;nbsp; &amp;nbsp; &amp;nbsp; &amp;nbsp; &amp;nbsp; &amp;nbsp; &amp;nbsp; &amp;nbsp;&lt;/p&gt;', 15, 1, 1463587876, 1463909041),
(56, '我去耳闻', '为', '2016-05-22/57417b9075977.png', NULL, '&lt;pre class=&quot;brush:html;toolbar:false&quot;&gt;&amp;lt;tr&amp;nbsp;style=&amp;quot;font-weight:&amp;nbsp;bold;&amp;quot;&amp;gt;\r\n&amp;nbsp;&amp;nbsp;&amp;nbsp;&amp;nbsp;&amp;nbsp;&amp;nbsp;&amp;nbsp;&amp;nbsp;&amp;nbsp;&amp;nbsp;&amp;nbsp;&amp;nbsp;&amp;nbsp;&amp;nbsp;&amp;nbsp;&amp;nbsp;&amp;nbsp;&amp;nbsp;&amp;nbsp;&amp;nbsp;&amp;nbsp;&amp;nbsp;&amp;nbsp;&amp;nbsp;&amp;lt;td&amp;gt;序号&amp;lt;/td&amp;gt;\r\n&amp;nbsp;&amp;nbsp;&amp;nbsp;&amp;nbsp;&amp;nbsp;&amp;nbsp;&amp;nbsp;&amp;nbsp;&amp;nbsp;&amp;nbsp;&amp;nbsp;&amp;nbsp;&amp;nbsp;&amp;nbsp;&amp;nbsp;&amp;nbsp;&amp;nbsp;&amp;nbsp;&amp;nbsp;&amp;nbsp;&amp;nbsp;&amp;nbsp;&amp;nbsp;&amp;nbsp;&amp;lt;td&amp;gt;封面&amp;lt;/td&amp;gt;\r\n&amp;nbsp;&amp;nbsp;&amp;nbsp;&amp;nbsp;&amp;nbsp;&amp;nbsp;&amp;nbsp;&amp;nbsp;&amp;nbsp;&amp;nbsp;&amp;nbsp;&amp;nbsp;&amp;nbsp;&amp;nbsp;&amp;nbsp;&amp;nbsp;&amp;nbsp;&amp;nbsp;&amp;nbsp;&amp;nbsp;&amp;nbsp;&amp;nbsp;&amp;nbsp;&amp;nbsp;&amp;lt;td&amp;gt;标题&amp;lt;/td&amp;gt;\r\n&amp;nbsp;&amp;nbsp;&amp;nbsp;&amp;nbsp;&amp;nbsp;&amp;nbsp;&amp;nbsp;&amp;nbsp;&amp;nbsp;&amp;nbsp;&amp;nbsp;&amp;nbsp;&amp;nbsp;&amp;nbsp;&amp;nbsp;&amp;nbsp;&amp;nbsp;&amp;nbsp;&amp;nbsp;&amp;nbsp;&amp;nbsp;&amp;nbsp;&amp;nbsp;&amp;nbsp;&amp;lt;td&amp;gt;分类&amp;lt;/td&amp;gt;\r\n&amp;nbsp;&amp;nbsp;&amp;nbsp;&amp;nbsp;&amp;nbsp;&amp;nbsp;&amp;nbsp;&amp;nbsp;&amp;nbsp;&amp;nbsp;&amp;nbsp;&amp;nbsp;&amp;nbsp;&amp;nbsp;&amp;nbsp;&amp;nbsp;&amp;nbsp;&amp;nbsp;&amp;nbsp;&amp;nbsp;&amp;nbsp;&amp;nbsp;&amp;nbsp;&amp;nbsp;&amp;lt;td&amp;gt;标签&amp;lt;/td&amp;gt;\r\n&amp;nbsp;&amp;nbsp;&amp;nbsp;&amp;nbsp;&amp;nbsp;&amp;nbsp;&amp;nbsp;&amp;nbsp;&amp;nbsp;&amp;nbsp;&amp;nbsp;&amp;nbsp;&amp;nbsp;&amp;nbsp;&amp;nbsp;&amp;nbsp;&amp;nbsp;&amp;nbsp;&amp;nbsp;&amp;nbsp;&amp;nbsp;&amp;nbsp;&amp;nbsp;&amp;nbsp;&amp;lt;td&amp;gt;作者&amp;lt;/td&amp;gt;\r\n&amp;nbsp;&amp;nbsp;&amp;nbsp;&amp;nbsp;&amp;nbsp;&amp;nbsp;&amp;nbsp;&amp;nbsp;&amp;nbsp;&amp;nbsp;&amp;nbsp;&amp;nbsp;&amp;nbsp;&amp;nbsp;&amp;nbsp;&amp;nbsp;&amp;nbsp;&amp;nbsp;&amp;nbsp;&amp;nbsp;&amp;nbsp;&amp;nbsp;&amp;nbsp;&amp;nbsp;&amp;lt;td&amp;gt;发布时间&amp;lt;/td&amp;gt;\r\n&amp;nbsp;&amp;nbsp;&amp;nbsp;&amp;nbsp;&amp;nbsp;&amp;nbsp;&amp;nbsp;&amp;nbsp;&amp;nbsp;&amp;nbsp;&amp;nbsp;&amp;nbsp;&amp;nbsp;&amp;nbsp;&amp;nbsp;&amp;nbsp;&amp;nbsp;&amp;nbsp;&amp;nbsp;&amp;nbsp;&amp;nbsp;&amp;nbsp;&amp;nbsp;&amp;nbsp;&amp;lt;td&amp;gt;最后修改时间&amp;lt;/td&amp;gt;\r\n&amp;nbsp;&amp;nbsp;&amp;nbsp;&amp;nbsp;&amp;nbsp;&amp;nbsp;&amp;nbsp;&amp;nbsp;&amp;nbsp;&amp;nbsp;&amp;nbsp;&amp;nbsp;&amp;nbsp;&amp;nbsp;&amp;nbsp;&amp;nbsp;&amp;nbsp;&amp;nbsp;&amp;nbsp;&amp;nbsp;&amp;nbsp;&amp;nbsp;&amp;nbsp;&amp;nbsp;&amp;lt;td&amp;nbsp;colspan=&amp;quot;2&amp;quot;&amp;nbsp;align=&amp;quot;center&amp;quot;&amp;gt;操作&amp;lt;/td&amp;gt;\r\n&amp;nbsp;&amp;nbsp;&amp;nbsp;&amp;nbsp;&amp;nbsp;&amp;nbsp;&amp;nbsp;&amp;nbsp;&amp;nbsp;&amp;nbsp;&amp;nbsp;&amp;nbsp;&amp;nbsp;&amp;nbsp;&amp;nbsp;&amp;nbsp;&amp;nbsp;&amp;nbsp;&amp;nbsp;&amp;nbsp;&amp;lt;/tr&amp;gt;&lt;/pre&gt;&lt;p&gt;&lt;br/&gt;&lt;/p&gt;', 3, 12, 1463589198, 1463919369),
(57, '12122', '12', '2016-05-22/57417ac4616d0.jpg', NULL, '&lt;p&gt;&amp;nbsp; &amp;nbsp; &amp;nbsp; &amp;nbsp; &amp;nbsp; &amp;nbsp; &amp;nbsp; &amp;nbsp; &amp;nbsp; &amp;nbsp; &amp;nbsp; &amp;nbsp; &amp;nbsp; &amp;nbsp; &amp;nbsp; &amp;nbsp; &amp;nbsp; &amp;nbsp; &amp;nbsp; &amp;nbsp; &amp;nbsp; &amp;nbsp; &amp;nbsp; &amp;nbsp; &amp;nbsp; &amp;nbsp; &amp;nbsp; &amp;nbsp;123123 &amp;nbsp; &amp;nbsp; &amp;nbsp; &amp;nbsp; &amp;nbsp; &amp;nbsp; &amp;nbsp; &amp;nbsp; &amp;nbsp; &amp;nbsp; &amp;nbsp; &amp;nbsp; &amp;nbsp; &amp;nbsp; &amp;nbsp; &amp;nbsp; &amp;nbsp; &amp;nbsp; &amp;nbsp; &amp;nbsp; &amp;nbsp; &amp;nbsp; &amp;nbsp; &amp;nbsp;&lt;/p&gt;', 4, 10, 1463768795, 1463909138),
(157, '求78偶78', '', 'default.jpg', NULL, '                                                                                                                                                                        UI                                                                                                                                                ', 1, 10, 1463851149, 1463852423),
(158, '求78偶78有', '', 'default.jpg', NULL, '                                                        UI                                                ', 0, 10, 1463851164, 1463852448),
(163, '4527867865222q', '', '2016-05-22/57417a8d6b66e.jpg', '', '&lt;p&gt;&amp;nbsp; &amp;nbsp; &amp;nbsp; &amp;nbsp; &amp;nbsp; &amp;nbsp; &amp;nbsp; &amp;nbsp; &amp;nbsp; &amp;nbsp; &amp;nbsp; &amp;nbsp; &amp;nbsp; &amp;nbsp; &amp;nbsp; &amp;nbsp; &amp;nbsp; &amp;nbsp; &amp;nbsp; &amp;nbsp; &amp;nbsp; &amp;nbsp; &amp;nbsp; &amp;nbsp; &amp;nbsp; &amp;nbsp; &amp;nbsp; &amp;nbsp; &amp;nbsp; &amp;nbsp; &amp;nbsp; &amp;nbsp; &amp;nbsp; &amp;nbsp; &amp;nbsp; &amp;nbsp; &amp;nbsp; &amp;nbsp; &amp;nbsp; &amp;nbsp; &amp;nbsp; &amp;nbsp; &amp;nbsp; &amp;nbsp; &amp;nbsp; &amp;nbsp; &amp;nbsp; &amp;nbsp; &amp;nbsp; &amp;nbsp; &amp;nbsp; &amp;nbsp; &amp;nbsp; &amp;nbsp; &amp;nbsp; &amp;nbsp; &amp;nbsp; &amp;nbsp; &amp;nbsp; &amp;nbsp; &amp;nbsp; &amp;nbsp; &amp;nbsp; &amp;nbsp; &amp;nbsp; &amp;nbsp; &amp;nbsp; &amp;nbsp; &amp;nbsp; &amp;nbsp; &amp;nbsp; &amp;nbsp; &amp;nbsp; &amp;nbsp; &amp;nbsp; &amp;nbsp; &amp;nbsp; &amp;nbsp; &amp;nbsp; &amp;nbsp; &amp;nbsp; &amp;nbsp; &amp;nbsp; &amp;nbsp;78 &amp;nbsp; &amp;nbsp; &amp;nbsp; &amp;nbsp; &amp;nbsp; &amp;nbsp; &amp;nbsp; &amp;nbsp; &amp;nbsp; &amp;nbsp; &amp;nbsp; &amp;nbsp; &amp;nbsp; &amp;nbsp; &amp;nbsp; &amp;nbsp; &amp;nbsp; &amp;nbsp; &amp;nbsp; &amp;nbsp; &amp;nbsp; &amp;nbsp; &amp;nbsp; &amp;nbsp; &amp;nbsp; &amp;nbsp; &amp;nbsp; &amp;nbsp; &amp;nbsp; &amp;nbsp; &amp;nbsp; &amp;nbsp; &amp;nbsp; &amp;nbsp; &amp;nbsp; &amp;nbsp; &amp;nbsp; &amp;nbsp; &amp;nbsp; &amp;nbsp; &amp;nbsp; &amp;nbsp; &amp;nbsp; &amp;nbsp; &amp;nbsp; &amp;nbsp; &amp;nbsp; &amp;nbsp; &amp;nbsp; &amp;nbsp; &amp;nbsp; &amp;nbsp; &amp;nbsp; &amp;nbsp; &amp;nbsp; &amp;nbsp; &amp;nbsp; &amp;nbsp; &amp;nbsp; &amp;nbsp; &amp;nbsp; &amp;nbsp; &amp;nbsp; &amp;nbsp; &amp;nbsp; &amp;nbsp; &amp;nbsp; &amp;nbsp; &amp;nbsp; &amp;nbsp; &amp;nbsp; &amp;nbsp;&lt;/p&gt;', 9, 1, 1463851808, 1463952282),
(164, '14', '74', 'default.jpg', NULL, '7', 0, 1, 1463852940, 1463852940),
(165, '74o9', '74', 'default.jpg', NULL, '774', 0, 10, 1463852955, 1463852955),
(166, '42542', '452', 'default.jpg', NULL, '452', 0, 10, 1463852970, 1463852970),
(168, 'qwerwer', '23r23', 'default.jpg', NULL, '&lt;p style=&quot;text-align: center;&quot;&gt;&lt;img src=&quot;/Uploads/image/20160522/1463919173515176.png&quot; style=&quot;width: 838px; height: 427px;&quot; title=&quot;1463907208774141.jpg&quot; width=&quot;838&quot; height=&quot;427&quot; alt=&quot;1463919173515176.png&quot;/&gt;&lt;/p&gt;&lt;p style=&quot;text-align: center;&quot;&gt;&lt;img src=&quot;/Uploads/image/2016-05-22/57417b3807c2f.png&quot; style=&quot;width: 719px; height: 338px;&quot; title=&quot;1463907208241666.png&quot; width=&quot;719&quot; height=&quot;338&quot; alt=&quot;57417b3807c2f.png&quot;/&gt;&lt;/p&gt;&lt;p&gt;&lt;br/&gt;&lt;/p&gt;', 1, 1, 1463907270, 1463923735),
(169, '2342任务而非234', '234', '2016-05-22/57417aa411c49.jpg', NULL, '&lt;p&gt;23242&lt;/p&gt;', 0, 10, 1463907411, 1463909028);
INSERT INTO `cjt_article` (`id`, `title`, `author`, `coverpic`, `abstract`, `content`, `readnum`, `sortid`, `time`, `lastmodifytime`) VALUES
(170, '前端知识体系', '', 'default.jpg', NULL, '&lt;p style=&quot;box-sizing: border-box; margin-top: 0px; margin-bottom: 10px; color: rgb(68, 68, 68); font-family: &amp;#39;Microsoft Yahei&amp;#39;, &amp;#39;冬青黑体简体中文 w3&amp;#39;; font-size: 15px; line-height: 25.7250003814697px; white-space: normal; background-color: rgb(255, 255, 255);&quot;&gt;一、框架与组件&lt;/p&gt;&lt;p style=&quot;box-sizing: border-box; margin-top: 0px; margin-bottom: 10px; color: rgb(68, 68, 68); font-family: &amp;#39;Microsoft Yahei&amp;#39;, &amp;#39;冬青黑体简体中文 w3&amp;#39;; font-size: 15px; line-height: 25.7250003814697px; white-space: normal; background-color: rgb(255, 255, 255);&quot;&gt;bootstrap等UI框架设计与实现&lt;/p&gt;&lt;p style=&quot;box-sizing: border-box; margin-top: 0px; margin-bottom: 10px; color: rgb(68, 68, 68); font-family: &amp;#39;Microsoft Yahei&amp;#39;, &amp;#39;冬青黑体简体中文 w3&amp;#39;; font-size: 15px; line-height: 25.7250003814697px; white-space: normal; background-color: rgb(255, 255, 255);&quot;&gt;&amp;nbsp;&amp;nbsp;&amp;nbsp; 伸缩布局：grid网格布局&lt;br style=&quot;box-sizing: border-box;&quot;/&gt;&amp;nbsp;&amp;nbsp;&amp;nbsp; 基础UI样式：元素reset、按钮、图片、菜单、表单&lt;br style=&quot;box-sizing: border-box;&quot;/&gt;&amp;nbsp;&amp;nbsp;&amp;nbsp; 组件UI样式：按钮组、字体图标、下拉菜单、输入框组、导航组、面包屑、分页、标签、轮播、弹出框、列表、多媒体、警告&lt;br style=&quot;box-sizing: border-box;&quot;/&gt;&amp;nbsp;&amp;nbsp;&amp;nbsp; 响应式布局：布局、结构、样式、媒体、javascript响应式&lt;br style=&quot;box-sizing: border-box;&quot;/&gt;&amp;nbsp;&amp;nbsp;&amp;nbsp; 第三方插件：插件管理&lt;br style=&quot;box-sizing: border-box;&quot;/&gt;&lt;br style=&quot;box-sizing: border-box;&quot;/&gt;jQuery、zepto使用原理以及插件开发&lt;br style=&quot;box-sizing: border-box;&quot;/&gt;&lt;br style=&quot;box-sizing: border-box;&quot;/&gt;&amp;nbsp;&amp;nbsp;&amp;nbsp; 支持amd、cmd、全局变量的模块化封装&lt;br style=&quot;box-sizing: border-box;&quot;/&gt;&amp;nbsp;&amp;nbsp;&amp;nbsp; $.fn.method = function(){}&lt;br style=&quot;box-sizing: border-box;&quot;/&gt;&lt;br style=&quot;box-sizing: border-box;&quot;/&gt;mvc/mvvm框架原理设计，vue/angular/avalon等&lt;br style=&quot;box-sizing: border-box;&quot;/&gt;&lt;br style=&quot;box-sizing: border-box;&quot;/&gt;&amp;nbsp;&amp;nbsp;&amp;nbsp; directive设计：html、text、class、html、attr、repeat、ref，可扩展&lt;br style=&quot;box-sizing: border-box;&quot;/&gt;&amp;nbsp;&amp;nbsp;&amp;nbsp; filter设计：bool、upperCase、lowerCase，可扩展&lt;br style=&quot;box-sizing: border-box;&quot;/&gt;&lt;br style=&quot;box-sizing: border-box;&quot;/&gt;&amp;nbsp;&amp;nbsp;&amp;nbsp; 表达式设计：if-else等实现&lt;br style=&quot;box-sizing: border-box;&quot;/&gt;&lt;br style=&quot;box-sizing: border-box;&quot;/&gt;&amp;nbsp;&amp;nbsp;&amp;nbsp; viewmodel结构设计：例如数据，元素，方法的挂载与作用域&lt;br style=&quot;box-sizing: border-box;&quot;/&gt;&amp;nbsp;&amp;nbsp;&amp;nbsp; 数据更变检测：函数触发，脏数据检测、对象hijacking&lt;br style=&quot;box-sizing: border-box;&quot;/&gt;&lt;br style=&quot;box-sizing: border-box;&quot;/&gt;polymer/angular2思想与设计思路&lt;br style=&quot;box-sizing: border-box;&quot;/&gt;&lt;br style=&quot;box-sizing: border-box;&quot;/&gt;&amp;nbsp;&amp;nbsp;&amp;nbsp; import技术&lt;br style=&quot;box-sizing: border-box;&quot;/&gt;&amp;nbsp;&amp;nbsp;&amp;nbsp; template和script引入方式&lt;br style=&quot;box-sizing: border-box;&quot;/&gt;&amp;nbsp;&amp;nbsp;&amp;nbsp; css样式命名空间隔离&lt;br style=&quot;box-sizing: border-box;&quot;/&gt;&amp;nbsp;&amp;nbsp;&amp;nbsp; 简单复用第三方库&lt;br style=&quot;box-sizing: border-box;&quot;/&gt;&lt;br style=&quot;box-sizing: border-box;&quot;/&gt;reactjs原理与使用&lt;br style=&quot;box-sizing: border-box;&quot;/&gt;&lt;br style=&quot;box-sizing: border-box;&quot;/&gt;&amp;nbsp;&amp;nbsp;&amp;nbsp; virtual dom单向数据绑定&lt;br style=&quot;box-sizing: border-box;&quot;/&gt;&amp;nbsp;&amp;nbsp;&amp;nbsp; js执行语法方式&lt;br style=&quot;box-sizing: border-box;&quot;/&gt;&amp;nbsp;&amp;nbsp;&amp;nbsp; UI由状态控制&lt;br style=&quot;box-sizing: border-box;&quot;/&gt;&lt;br style=&quot;box-sizing: border-box;&quot;/&gt;commonJS/AMD/CMD&lt;br style=&quot;box-sizing: border-box;&quot;/&gt;&lt;br style=&quot;box-sizing: border-box;&quot;/&gt;&amp;nbsp;&amp;nbsp;&amp;nbsp; 模块引入&lt;br style=&quot;box-sizing: border-box;&quot;/&gt;&amp;nbsp;&amp;nbsp;&amp;nbsp; 模块定义&lt;br style=&quot;box-sizing: border-box;&quot;/&gt;&amp;nbsp;&amp;nbsp;&amp;nbsp; 模块标识&lt;br style=&quot;box-sizing: border-box;&quot;/&gt;&lt;br style=&quot;box-sizing: border-box;&quot;/&gt;&amp;nbsp;&amp;nbsp;&amp;nbsp; UMD解决不同规范兼容性的问题，例如webpack封装&lt;br style=&quot;box-sizing: border-box;&quot;/&gt;&lt;br style=&quot;box-sizing: border-box;&quot;/&gt;&amp;nbsp;&amp;nbsp;&amp;nbsp; 模块懒执行(CMD)与与预执行(AMD)&lt;br style=&quot;box-sizing: border-box;&quot;/&gt;&lt;br style=&quot;box-sizing: border-box;&quot;/&gt;loadJs模块化加载原理与实现&lt;br style=&quot;box-sizing: border-box;&quot;/&gt;&lt;br style=&quot;box-sizing: border-box;&quot;/&gt;&amp;nbsp;&amp;nbsp;&amp;nbsp; 创建script标签，需要id映射到资源url&lt;br style=&quot;box-sizing: border-box;&quot;/&gt;&amp;nbsp;&amp;nbsp;&amp;nbsp; onload加载模块队列判断&lt;br style=&quot;box-sizing: border-box;&quot;/&gt;&amp;nbsp;&amp;nbsp;&amp;nbsp; 全部加载完成后触发&lt;br style=&quot;box-sizing: border-box;&quot;/&gt;&amp;nbsp;&amp;nbsp;&amp;nbsp; 加载失败问题优化&lt;br style=&quot;box-sizing: border-box;&quot;/&gt;&amp;nbsp;&amp;nbsp;&amp;nbsp; requirejs、modjs、seajs&lt;br style=&quot;box-sizing: border-box;&quot;/&gt;&lt;br style=&quot;box-sizing: border-box;&quot;/&gt;polyfill、shim原理与实现&lt;br style=&quot;box-sizing: border-box;&quot;/&gt;&lt;br style=&quot;box-sizing: border-box;&quot;/&gt;&amp;nbsp;&amp;nbsp;&amp;nbsp; polyfill提供了开发者们希望浏览器原生提供支持的功能特性&lt;br style=&quot;box-sizing: border-box;&quot;/&gt;&amp;nbsp;&amp;nbsp;&amp;nbsp; shim将新的API引入到旧的环境中,且仅靠旧环境中已有的手段实现&lt;br style=&quot;box-sizing: border-box;&quot;/&gt;&lt;br style=&quot;box-sizing: border-box;&quot;/&gt;virtual Dom、Incremental DOM&lt;br style=&quot;box-sizing: border-box;&quot;/&gt;&lt;br style=&quot;box-sizing: border-box;&quot;/&gt;&amp;nbsp;&amp;nbsp;&amp;nbsp; 1.用js对象树表示dom树结构，根据该对象树构建dom树&lt;br style=&quot;box-sizing: border-box;&quot;/&gt;&amp;nbsp;&amp;nbsp;&amp;nbsp; 2.状态改变时，重新构建对象，和旧的对象对比，记录两个对象树差异&lt;br style=&quot;box-sizing: border-box;&quot;/&gt;&amp;nbsp;&amp;nbsp;&amp;nbsp; 3.将对象树差异应用到dom中&lt;br style=&quot;box-sizing: border-box;&quot;/&gt;&amp;nbsp;&amp;nbsp;&amp;nbsp; 小结:js对象模拟dom(elem.js)，virtual dom diff算法(diff.js)、差异渲染dom(patch.js)&lt;br style=&quot;box-sizing: border-box;&quot;/&gt;&amp;nbsp;&amp;nbsp;&amp;nbsp; incremental dom在状态改变时扫描旧对象树将差异直接应用到dom中&lt;br style=&quot;box-sizing: border-box;&quot;/&gt;&lt;br style=&quot;box-sizing: border-box;&quot;/&gt;shadow dom&lt;br style=&quot;box-sizing: border-box;&quot;/&gt;&lt;br style=&quot;box-sizing: border-box;&quot;/&gt;&amp;nbsp;&amp;nbsp;&amp;nbsp; 隔离外部环境用于封装组件：结构、样式、行为&lt;br style=&quot;box-sizing: border-box;&quot;/&gt;&amp;nbsp;&amp;nbsp;&amp;nbsp; 实现形式：新标签、class类属性 + 构建编译&lt;br style=&quot;box-sizing: border-box;&quot;/&gt;&lt;br style=&quot;box-sizing: border-box;&quot;/&gt;webwork与service Worker&lt;br style=&quot;box-sizing: border-box;&quot;/&gt;&lt;br style=&quot;box-sizing: border-box;&quot;/&gt;&amp;nbsp;&amp;nbsp;&amp;nbsp; webwork与主线程机制，on/post&lt;br style=&quot;box-sizing: border-box;&quot;/&gt;&amp;nbsp;&amp;nbsp;&amp;nbsp; serviceworker可作为浏览器请求代理&lt;br style=&quot;box-sizing: border-box;&quot;/&gt;&amp;nbsp;&amp;nbsp;&amp;nbsp; 应用场景&lt;br style=&quot;box-sizing: border-box;&quot;/&gt;&lt;br style=&quot;box-sizing: border-box;&quot;/&gt;ES6转ES5、Babel与ES6开发规范体系&lt;br style=&quot;box-sizing: border-box;&quot;/&gt;&lt;br style=&quot;box-sizing: border-box;&quot;/&gt;&amp;nbsp;&amp;nbsp;&amp;nbsp; ES6编码规范全&lt;br style=&quot;box-sizing: border-box;&quot;/&gt;&amp;nbsp;&amp;nbsp;&amp;nbsp; ES6在babel下兼容性&lt;br style=&quot;box-sizing: border-box;&quot;/&gt;&amp;nbsp;&amp;nbsp;&amp;nbsp; ES6在node下兼容性与性能&lt;br style=&quot;box-sizing: border-box;&quot;/&gt;&amp;nbsp;&amp;nbsp;&amp;nbsp; ES6新特性：看编码规范&lt;br style=&quot;box-sizing: border-box;&quot;/&gt;&amp;nbsp;&amp;nbsp;&amp;nbsp; aurelia ES6前端框架&lt;br style=&quot;box-sizing: border-box;&quot;/&gt;&lt;br style=&quot;box-sizing: border-box;&quot;/&gt;Isomorphic JavaScript&lt;br style=&quot;box-sizing: border-box;&quot;/&gt;&lt;br style=&quot;box-sizing: border-box;&quot;/&gt;&amp;nbsp;&amp;nbsp;&amp;nbsp; 同构原理&lt;br style=&quot;box-sizing: border-box;&quot;/&gt;&amp;nbsp;&amp;nbsp;&amp;nbsp; 同构方案 Rendr&lt;br style=&quot;box-sizing: border-box;&quot;/&gt;&amp;nbsp;&amp;nbsp;&amp;nbsp; nodejs: 服务器&lt;br style=&quot;box-sizing: border-box;&quot;/&gt;&amp;nbsp;&amp;nbsp;&amp;nbsp; hapi: 应用服务&lt;br style=&quot;box-sizing: border-box;&quot;/&gt;&amp;nbsp;&amp;nbsp;&amp;nbsp; backbone.js: 后台mvc&lt;br style=&quot;box-sizing: border-box;&quot;/&gt;&amp;nbsp;&amp;nbsp;&amp;nbsp; requirejs: 模块加载&lt;br style=&quot;box-sizing: border-box;&quot;/&gt;&amp;nbsp;&amp;nbsp;&amp;nbsp; jquery: dom处理&lt;br style=&quot;box-sizing: border-box;&quot;/&gt;&amp;nbsp;&amp;nbsp;&amp;nbsp; reactjs同构:React + Flux + Koa&lt;br style=&quot;box-sizing: border-box;&quot;/&gt;&lt;br style=&quot;box-sizing: border-box;&quot;/&gt;双向数据绑定&lt;br style=&quot;box-sizing: border-box;&quot;/&gt;&lt;br style=&quot;box-sizing: border-box;&quot;/&gt;&amp;nbsp;&amp;nbsp;&amp;nbsp; 函数触发:vuejs&lt;br style=&quot;box-sizing: border-box;&quot;/&gt;&amp;nbsp;&amp;nbsp;&amp;nbsp; 脏数据检测:angular&lt;br style=&quot;box-sizing: border-box;&quot;/&gt;&amp;nbsp;&amp;nbsp;&amp;nbsp; 对象hijacking:avalon&lt;br style=&quot;box-sizing: border-box;&quot;/&gt;&lt;br style=&quot;box-sizing: border-box;&quot;/&gt;browserify运行原理&lt;br style=&quot;box-sizing: border-box;&quot;/&gt;&lt;br style=&quot;box-sizing: border-box;&quot;/&gt;&amp;nbsp;&amp;nbsp;&amp;nbsp; 1.从入口模块开始分析require函数调用&lt;br style=&quot;box-sizing: border-box;&quot;/&gt;&amp;nbsp;&amp;nbsp;&amp;nbsp; 2.根据依赖生成AST&lt;br style=&quot;box-sizing: border-box;&quot;/&gt;&amp;nbsp;&amp;nbsp;&amp;nbsp; 3.根据AST找到每个模块的模块名&lt;br style=&quot;box-sizing: border-box;&quot;/&gt;&amp;nbsp;&amp;nbsp;&amp;nbsp; 4.得到每个模块的依赖关系，生成一个依赖字典&lt;br style=&quot;box-sizing: border-box;&quot;/&gt;&amp;nbsp;&amp;nbsp;&amp;nbsp; 5.包装每个模块（传入依赖字典以及export和require函数），生成执行的js&lt;br style=&quot;box-sizing: border-box;&quot;/&gt;&lt;br style=&quot;box-sizing: border-box;&quot;/&gt;performance timing&lt;br style=&quot;box-sizing: border-box;&quot;/&gt;&lt;br style=&quot;box-sizing: border-box;&quot;/&gt;&amp;nbsp;&amp;nbsp;&amp;nbsp; performance timing api&lt;br style=&quot;box-sizing: border-box;&quot;/&gt;&amp;nbsp;&amp;nbsp;&amp;nbsp; performance timing 过程&lt;br style=&quot;box-sizing: border-box;&quot;/&gt;&amp;nbsp;&amp;nbsp;&amp;nbsp; performance timing 性能计算&lt;br style=&quot;box-sizing: border-box;&quot;/&gt;&amp;nbsp;&amp;nbsp;&amp;nbsp; performanceTrace库&lt;br style=&quot;box-sizing: border-box;&quot;/&gt;&lt;br style=&quot;box-sizing: border-box;&quot;/&gt;组件UI与js组件规范化&lt;br style=&quot;box-sizing: border-box;&quot;/&gt;&lt;br style=&quot;box-sizing: border-box;&quot;/&gt;&amp;nbsp;&amp;nbsp;&amp;nbsp; 组件编码规范&lt;br style=&quot;box-sizing: border-box;&quot;/&gt;&amp;nbsp;&amp;nbsp;&amp;nbsp; 组件目录规范：组件目录与公用目录&lt;br style=&quot;box-sizing: border-box;&quot;/&gt;&amp;nbsp;&amp;nbsp;&amp;nbsp; 组件构建规范：构建环境支持&lt;br style=&quot;box-sizing: border-box;&quot;/&gt;&amp;nbsp;&amp;nbsp;&amp;nbsp; 组件模块化管理：spm，bowserify&lt;br style=&quot;box-sizing: border-box;&quot;/&gt;&amp;nbsp;&amp;nbsp;&amp;nbsp; 组件复用性管理&lt;br style=&quot;box-sizing: border-box;&quot;/&gt;&amp;nbsp;&amp;nbsp;&amp;nbsp; 第三方组件接入成本&lt;br style=&quot;box-sizing: border-box;&quot;/&gt;&lt;br style=&quot;box-sizing: border-box;&quot;/&gt;immutable JavaScript&lt;br style=&quot;box-sizing: border-box;&quot;/&gt;generator与promise原理与使用&lt;/p&gt;&lt;p style=&quot;box-sizing: border-box; margin-top: 0px; margin-bottom: 10px; color: rgb(68, 68, 68); font-family: &amp;#39;Microsoft Yahei&amp;#39;, &amp;#39;冬青黑体简体中文 w3&amp;#39;; font-size: 15px; line-height: 25.7250003814697px; white-space: normal; background-color: rgb(255, 255, 255);&quot;&gt;&lt;br style=&quot;box-sizing: border-box;&quot;/&gt;&lt;/p&gt;&lt;p style=&quot;box-sizing: border-box; margin-top: 0px; margin-bottom: 10px; color: rgb(68, 68, 68); font-family: &amp;#39;Microsoft Yahei&amp;#39;, &amp;#39;冬青黑体简体中文 w3&amp;#39;; font-size: 15px; line-height: 25.7250003814697px; white-space: normal; background-color: rgb(255, 255, 255);&quot;&gt;二、构建生态&lt;br style=&quot;box-sizing: border-box;&quot;/&gt;grunt/gulp开发环境任务编写&lt;br style=&quot;box-sizing: border-box;&quot;/&gt;&lt;br style=&quot;box-sizing: border-box;&quot;/&gt;&amp;nbsp;&amp;nbsp;&amp;nbsp; 文件处理插件：html、scss、js、image、font、其它&lt;br style=&quot;box-sizing: border-box;&quot;/&gt;&amp;nbsp;&amp;nbsp;&amp;nbsp; 优化插件：雪碧图、图片压缩、iconfont构建&lt;br style=&quot;box-sizing: border-box;&quot;/&gt;&amp;nbsp;&amp;nbsp;&amp;nbsp; 发布替换插件&lt;br style=&quot;box-sizing: border-box;&quot;/&gt;&amp;nbsp;&amp;nbsp;&amp;nbsp; 打包、压缩包插件：组件自动分析&lt;br style=&quot;box-sizing: border-box;&quot;/&gt;&amp;nbsp;&amp;nbsp;&amp;nbsp; 白名单配置&lt;br style=&quot;box-sizing: border-box;&quot;/&gt;&amp;nbsp;&amp;nbsp;&amp;nbsp; 自定义插件编写&lt;br style=&quot;box-sizing: border-box;&quot;/&gt;&lt;br style=&quot;box-sizing: border-box;&quot;/&gt;npm、jspm、bower包管理工具&lt;br style=&quot;box-sizing: border-box;&quot;/&gt;r.js、browserify、webpack、webpack 2、Rollup打包工具使用&lt;br style=&quot;box-sizing: border-box;&quot;/&gt;&lt;br style=&quot;box-sizing: border-box;&quot;/&gt;&amp;nbsp;&amp;nbsp;&amp;nbsp; 原理：根据依赖配置文件对文件进行依赖打包&lt;br style=&quot;box-sizing: border-box;&quot;/&gt;&amp;nbsp;&amp;nbsp;&amp;nbsp; webpack支持更多的规范打包，AMD,Commonjs&lt;br style=&quot;box-sizing: border-box;&quot;/&gt;&amp;nbsp;&amp;nbsp;&amp;nbsp; webpack+babel/reactjs+reflux&lt;br style=&quot;box-sizing: border-box;&quot;/&gt;&lt;br style=&quot;box-sizing: border-box;&quot;/&gt;fis3构建与插件开发、构建环境、fis3构建离线包&lt;br style=&quot;box-sizing: border-box;&quot;/&gt;web Component：rosetta-org、x-view、Q、riot、nova&lt;br style=&quot;box-sizing: border-box;&quot;/&gt;brunch构建工具&lt;br style=&quot;box-sizing: border-box;&quot;/&gt;三、开发技巧与调试&lt;br style=&quot;box-sizing: border-box;&quot;/&gt;fiddler加willow基础组合调试&lt;br style=&quot;box-sizing: border-box;&quot;/&gt;&lt;br style=&quot;box-sizing: border-box;&quot;/&gt;&amp;nbsp;&amp;nbsp;&amp;nbsp; 常见配置与分析&lt;br style=&quot;box-sizing: border-box;&quot;/&gt;&amp;nbsp;&amp;nbsp;&amp;nbsp; 结合浏览器调试&lt;br style=&quot;box-sizing: border-box;&quot;/&gt;&lt;br style=&quot;box-sizing: border-box;&quot;/&gt;werien、vorlonjs远程调试，chrome inspect&lt;br style=&quot;box-sizing: border-box;&quot;/&gt;mockjs，F.M.S(Front Mock Server)模拟调试使用与cgi自动调试&lt;br style=&quot;box-sizing: border-box;&quot;/&gt;macha/phantomjs/casperjs/karma测试自动化任务使用&lt;br style=&quot;box-sizing: border-box;&quot;/&gt;自动化UI测试，海豚&lt;br style=&quot;box-sizing: border-box;&quot;/&gt;node-supervior、node-inspector、karma&lt;br style=&quot;box-sizing: border-box;&quot;/&gt;开发发布系统流程&lt;br style=&quot;box-sizing: border-box;&quot;/&gt;sublime高效插件&lt;br style=&quot;box-sizing: border-box;&quot;/&gt;&lt;br style=&quot;box-sizing: border-box;&quot;/&gt;&amp;nbsp;&amp;nbsp;&amp;nbsp; emmet工具使用、 sublimelinter、 babel snippets、 sublimeLint、 SassBeautify 、 emmet 快速编辑、 jsxlint、 SideBarEnhancements、 SnippetsMaker、 SublimeCodeIntel、 css snippets、 ColorPicker、 html/css/js Pretty、 SpinnetMacker、 DocBlockr、 MultiEditUtils、 javascript &amp;amp; node spinnet、 JavaScript &amp;amp; NodeJS Snippets、 jsLint、cssLint&lt;br style=&quot;box-sizing: border-box;&quot;/&gt;&lt;br style=&quot;box-sizing: border-box;&quot;/&gt;代码自动化检查fecs&lt;br style=&quot;box-sizing: border-box;&quot;/&gt;四、html、css与重构&lt;br style=&quot;box-sizing: border-box;&quot;/&gt;jpeg、webp、apng、bpg图片&lt;br style=&quot;box-sizing: border-box;&quot;/&gt;&lt;br style=&quot;box-sizing: border-box;&quot;/&gt;&amp;nbsp;&amp;nbsp;&amp;nbsp; 编码原理&lt;br style=&quot;box-sizing: border-box;&quot;/&gt;&amp;nbsp;&amp;nbsp;&amp;nbsp; 特点与优劣势&lt;br style=&quot;box-sizing: border-box;&quot;/&gt;&amp;nbsp;&amp;nbsp;&amp;nbsp; 适用场景&lt;br style=&quot;box-sizing: border-box;&quot;/&gt;&lt;br style=&quot;box-sizing: border-box;&quot;/&gt;iconfont使用与实现原理&lt;br style=&quot;box-sizing: border-box;&quot;/&gt;&lt;br style=&quot;box-sizing: border-box;&quot;/&gt;&amp;nbsp;&amp;nbsp;&amp;nbsp; 自动打包构建方法&lt;br style=&quot;box-sizing: border-box;&quot;/&gt;&amp;nbsp;&amp;nbsp;&amp;nbsp; iconfont兼容性写法&lt;br style=&quot;box-sizing: border-box;&quot;/&gt;&amp;nbsp;&amp;nbsp;&amp;nbsp; fonthello、fontawesome、icomoon.io、iconfont.cn线上工具&lt;br style=&quot;box-sizing: border-box;&quot;/&gt;&lt;br style=&quot;box-sizing: border-box;&quot;/&gt;页面响应式设计&lt;br style=&quot;box-sizing: border-box;&quot;/&gt;&lt;br style=&quot;box-sizing: border-box;&quot;/&gt;&amp;nbsp;&amp;nbsp;&amp;nbsp; layout布局响应式&lt;br style=&quot;box-sizing: border-box;&quot;/&gt;&amp;nbsp;&amp;nbsp;&amp;nbsp; html结构响应式&lt;br style=&quot;box-sizing: border-box;&quot;/&gt;&amp;nbsp;&amp;nbsp;&amp;nbsp; css样式响应式&lt;br style=&quot;box-sizing: border-box;&quot;/&gt;&amp;nbsp;&amp;nbsp;&amp;nbsp; image媒体响应式&lt;br style=&quot;box-sizing: border-box;&quot;/&gt;&amp;nbsp;&amp;nbsp;&amp;nbsp; javascript响应式&lt;br style=&quot;box-sizing: border-box;&quot;/&gt;&amp;nbsp;&amp;nbsp;&amp;nbsp; media query与平台判断&lt;br style=&quot;box-sizing: border-box;&quot;/&gt;&lt;br style=&quot;box-sizing: border-box;&quot;/&gt;css重置&lt;br style=&quot;box-sizing: border-box;&quot;/&gt;&lt;br style=&quot;box-sizing: border-box;&quot;/&gt;&amp;nbsp;&amp;nbsp;&amp;nbsp; reset&lt;br style=&quot;box-sizing: border-box;&quot;/&gt;&amp;nbsp;&amp;nbsp;&amp;nbsp; nomalize&lt;br style=&quot;box-sizing: border-box;&quot;/&gt;&amp;nbsp;&amp;nbsp;&amp;nbsp; neat&lt;br style=&quot;box-sizing: border-box;&quot;/&gt;&lt;br style=&quot;box-sizing: border-box;&quot;/&gt;sass/compass/less/postcss常用语法与使用&lt;br style=&quot;box-sizing: border-box;&quot;/&gt;&lt;br style=&quot;box-sizing: border-box;&quot;/&gt;&amp;nbsp;&amp;nbsp;&amp;nbsp; 常用语法功能&lt;br style=&quot;box-sizing: border-box;&quot;/&gt;&amp;nbsp;&amp;nbsp;&amp;nbsp; 组件化UI设计管理&lt;br style=&quot;box-sizing: border-box;&quot;/&gt;&amp;nbsp;&amp;nbsp;&amp;nbsp; 构建工具实现方案&lt;br style=&quot;box-sizing: border-box;&quot;/&gt;&amp;nbsp;&amp;nbsp;&amp;nbsp; 雪碧图自动合成&lt;br style=&quot;box-sizing: border-box;&quot;/&gt;&amp;nbsp;&amp;nbsp;&amp;nbsp; iconfont自动接入等等&lt;br style=&quot;box-sizing: border-box;&quot;/&gt;&lt;br style=&quot;box-sizing: border-box;&quot;/&gt;media query与常见页面尺寸了解&lt;br style=&quot;box-sizing: border-box;&quot;/&gt;&lt;br style=&quot;box-sizing: border-box;&quot;/&gt;&amp;nbsp;&amp;nbsp;&amp;nbsp; 媒体类型引入和媒体特性引入&lt;br style=&quot;box-sizing: border-box;&quot;/&gt;&amp;nbsp;&amp;nbsp;&amp;nbsp; device-width适应&lt;br style=&quot;box-sizing: border-box;&quot;/&gt;&amp;nbsp;&amp;nbsp;&amp;nbsp; retina屏幕适应&lt;br style=&quot;box-sizing: border-box;&quot;/&gt;&lt;br style=&quot;box-sizing: border-box;&quot;/&gt;em,rem原理与实现&lt;br style=&quot;box-sizing: border-box;&quot;/&gt;&lt;br style=&quot;box-sizing: border-box;&quot;/&gt;&amp;nbsp;&amp;nbsp;&amp;nbsp; rem计算：width*retina/10，相当于屏幕宽度为10rem&lt;br style=&quot;box-sizing: border-box;&quot;/&gt;&amp;nbsp;&amp;nbsp;&amp;nbsp; 字体在rem情况下仍然使用px&lt;br style=&quot;box-sizing: border-box;&quot;/&gt;&lt;br style=&quot;box-sizing: border-box;&quot;/&gt;code4ui、code4app、初页、maka等&lt;br style=&quot;box-sizing: border-box;&quot;/&gt;&lt;br style=&quot;box-sizing: border-box;&quot;/&gt;&amp;nbsp;&amp;nbsp;&amp;nbsp; 前端dom操作即使刷新前端页面&lt;br style=&quot;box-sizing: border-box;&quot;/&gt;&amp;nbsp;&amp;nbsp;&amp;nbsp; 根据dom操作生成组件config配置保存到db&lt;br style=&quot;box-sizing: border-box;&quot;/&gt;&amp;nbsp;&amp;nbsp;&amp;nbsp; 根据config配置使用r.js或webpack打包&lt;br style=&quot;box-sizing: border-box;&quot;/&gt;&amp;nbsp;&amp;nbsp;&amp;nbsp; 发布打包后输出文件&lt;br style=&quot;box-sizing: border-box;&quot;/&gt;&lt;br style=&quot;box-sizing: border-box;&quot;/&gt;css3动画&lt;br style=&quot;box-sizing: border-box;&quot;/&gt;&lt;br style=&quot;box-sizing: border-box;&quot;/&gt;&amp;nbsp;&amp;nbsp;&amp;nbsp; transform&lt;br style=&quot;box-sizing: border-box;&quot;/&gt;&amp;nbsp;&amp;nbsp;&amp;nbsp; animation&lt;br style=&quot;box-sizing: border-box;&quot;/&gt;&amp;nbsp;&amp;nbsp;&amp;nbsp; transiction&lt;br style=&quot;box-sizing: border-box;&quot;/&gt;&amp;nbsp;&amp;nbsp;&amp;nbsp; 3D加速与动画加速&lt;br style=&quot;box-sizing: border-box;&quot;/&gt;&amp;nbsp;&amp;nbsp;&amp;nbsp; 动画库&lt;br style=&quot;box-sizing: border-box;&quot;/&gt;&lt;br style=&quot;box-sizing: border-box;&quot;/&gt;&amp;nbsp;&amp;nbsp;&amp;nbsp; 缓动函数速查表： http://www.xuanfengge.com/easeing/easeing/&lt;br style=&quot;box-sizing: border-box;&quot;/&gt;&lt;br style=&quot;box-sizing: border-box;&quot;/&gt;&amp;nbsp;&amp;nbsp;&amp;nbsp; Ceaser： http://xuanfengge.com/easeing/ceaser/&lt;br style=&quot;box-sizing: border-box;&quot;/&gt;&amp;nbsp;&amp;nbsp;&amp;nbsp; cubic-bezier：http://cubic-bezier.com/&lt;br style=&quot;box-sizing: border-box;&quot;/&gt;&lt;br style=&quot;box-sizing: border-box;&quot;/&gt;css网格布局&lt;br style=&quot;box-sizing: border-box;&quot;/&gt;&lt;br style=&quot;box-sizing: border-box;&quot;/&gt;&amp;nbsp;&amp;nbsp;&amp;nbsp; susy&lt;br style=&quot;box-sizing: border-box;&quot;/&gt;&amp;nbsp;&amp;nbsp;&amp;nbsp; Responsive Grid System&lt;br style=&quot;box-sizing: border-box;&quot;/&gt;&amp;nbsp;&amp;nbsp;&amp;nbsp; Fluid 960 Grid(adaptjs)&lt;br style=&quot;box-sizing: border-box;&quot;/&gt;&amp;nbsp;&amp;nbsp;&amp;nbsp; Simple Grid&lt;br style=&quot;box-sizing: border-box;&quot;/&gt;&lt;br style=&quot;box-sizing: border-box;&quot;/&gt;搜索引擎与前端SEO&lt;br style=&quot;box-sizing: border-box;&quot;/&gt;&lt;br style=&quot;box-sizing: border-box;&quot;/&gt;&amp;nbsp;&amp;nbsp;&amp;nbsp; tdk优化&lt;br style=&quot;box-sizing: border-box;&quot;/&gt;&amp;nbsp;&amp;nbsp;&amp;nbsp; 页面内容优化&lt;br style=&quot;box-sizing: border-box;&quot;/&gt;&amp;nbsp;&amp;nbsp;&amp;nbsp; 唯一的H1标题&lt;br style=&quot;box-sizing: border-box;&quot;/&gt;&amp;nbsp;&amp;nbsp;&amp;nbsp; img设置alt属性&lt;br style=&quot;box-sizing: border-box;&quot;/&gt;&amp;nbsp;&amp;nbsp;&amp;nbsp; nofollow&lt;br style=&quot;box-sizing: border-box;&quot;/&gt;&lt;br style=&quot;box-sizing: border-box;&quot;/&gt;&amp;nbsp;&amp;nbsp;&amp;nbsp; url优化&lt;br style=&quot;box-sizing: border-box;&quot;/&gt;&lt;br style=&quot;box-sizing: border-box;&quot;/&gt;&amp;nbsp;&amp;nbsp;&amp;nbsp; 统一链接&lt;br style=&quot;box-sizing: border-box;&quot;/&gt;&amp;nbsp;&amp;nbsp;&amp;nbsp; 301跳转&lt;br style=&quot;box-sizing: border-box;&quot;/&gt;&amp;nbsp;&amp;nbsp;&amp;nbsp; canonical&lt;br style=&quot;box-sizing: border-box;&quot;/&gt;&amp;nbsp;&amp;nbsp;&amp;nbsp; robot优化&lt;br style=&quot;box-sizing: border-box;&quot;/&gt;&amp;nbsp;&amp;nbsp;&amp;nbsp; robots.txt&lt;br style=&quot;box-sizing: border-box;&quot;/&gt;&amp;nbsp;&amp;nbsp;&amp;nbsp; meta robots&lt;br style=&quot;box-sizing: border-box;&quot;/&gt;&amp;nbsp;&amp;nbsp;&amp;nbsp; sitemap&lt;br style=&quot;box-sizing: border-box;&quot;/&gt;&amp;nbsp;&amp;nbsp;&amp;nbsp; SEO工具&lt;br style=&quot;box-sizing: border-box;&quot;/&gt;&amp;nbsp;&amp;nbsp;&amp;nbsp; 各种站长工具等&lt;br style=&quot;box-sizing: border-box;&quot;/&gt;&lt;br style=&quot;box-sizing: border-box;&quot;/&gt;浏览器缓存种类，resources,webSQL,indexDB, localstorage,cookie,app cache,cache storage&lt;br style=&quot;box-sizing: border-box;&quot;/&gt;&lt;br style=&quot;box-sizing: border-box;&quot;/&gt;&amp;nbsp;&amp;nbsp;&amp;nbsp; store.js、cookie.js&lt;br style=&quot;box-sizing: border-box;&quot;/&gt;&lt;br style=&quot;box-sizing: border-box;&quot;/&gt;UI框架&lt;br style=&quot;box-sizing: border-box;&quot;/&gt;&lt;br style=&quot;box-sizing: border-box;&quot;/&gt;&amp;nbsp;&amp;nbsp;&amp;nbsp; bootstrap、jqwidgets、semantic ui、amaze ui&lt;br style=&quot;box-sizing: border-box;&quot;/&gt;&amp;nbsp;&amp;nbsp;&amp;nbsp; 微信手Q ui: frozenui、weui、blend ui&lt;br style=&quot;box-sizing: border-box;&quot;/&gt;&amp;nbsp;&amp;nbsp;&amp;nbsp; extjs、echart图表ui&lt;br style=&quot;box-sizing: border-box;&quot;/&gt;&lt;br style=&quot;box-sizing: border-box;&quot;/&gt;五、native/hybrid/桌面开发&lt;br style=&quot;box-sizing: border-box;&quot;/&gt;ionic移动开发方案&lt;br style=&quot;box-sizing: border-box;&quot;/&gt;&lt;br style=&quot;box-sizing: border-box;&quot;/&gt;&amp;nbsp;&amp;nbsp;&amp;nbsp; 运行架构&lt;br style=&quot;box-sizing: border-box;&quot;/&gt;&amp;nbsp;&amp;nbsp;&amp;nbsp; hybrid混合开发&lt;br style=&quot;box-sizing: border-box;&quot;/&gt;&amp;nbsp;&amp;nbsp;&amp;nbsp; cordova交互&lt;br style=&quot;box-sizing: border-box;&quot;/&gt;&amp;nbsp;&amp;nbsp;&amp;nbsp; 离线包更新&lt;br style=&quot;box-sizing: border-box;&quot;/&gt;&amp;nbsp;&amp;nbsp;&amp;nbsp; 性能瓶颈&lt;br style=&quot;box-sizing: border-box;&quot;/&gt;&lt;br style=&quot;box-sizing: border-box;&quot;/&gt;nativescript移动开发方案&lt;br style=&quot;box-sizing: border-box;&quot;/&gt;react Native移动开发方案&lt;br style=&quot;box-sizing: border-box;&quot;/&gt;&lt;br style=&quot;box-sizing: border-box;&quot;/&gt;&amp;nbsp;&amp;nbsp;&amp;nbsp; 运行架构：js引擎&lt;br style=&quot;box-sizing: border-box;&quot;/&gt;&amp;nbsp;&amp;nbsp;&amp;nbsp; 性能缺陷与内存泄露&lt;br style=&quot;box-sizing: border-box;&quot;/&gt;&amp;nbsp;&amp;nbsp;&amp;nbsp; 更新机制&lt;br style=&quot;box-sizing: border-box;&quot;/&gt;&amp;nbsp;&amp;nbsp;&amp;nbsp; 使用场景&lt;br style=&quot;box-sizing: border-box;&quot;/&gt;&lt;br style=&quot;box-sizing: border-box;&quot;/&gt;android/ios原生开发与框架&lt;br style=&quot;box-sizing: border-box;&quot;/&gt;&lt;br style=&quot;box-sizing: border-box;&quot;/&gt;&amp;nbsp;&amp;nbsp;&amp;nbsp; java&lt;br style=&quot;box-sizing: border-box;&quot;/&gt;&amp;nbsp;&amp;nbsp;&amp;nbsp; oc、swift&lt;br style=&quot;box-sizing: border-box;&quot;/&gt;&amp;nbsp;&amp;nbsp;&amp;nbsp; web与native交互&lt;br style=&quot;box-sizing: border-box;&quot;/&gt;&amp;nbsp;&amp;nbsp;&amp;nbsp; 屏幕旋转&lt;br style=&quot;box-sizing: border-box;&quot;/&gt;&amp;nbsp;&amp;nbsp;&amp;nbsp; 摇一摇&lt;br style=&quot;box-sizing: border-box;&quot;/&gt;&amp;nbsp;&amp;nbsp;&amp;nbsp; 录像，拍照，选取本地图片&lt;br style=&quot;box-sizing: border-box;&quot;/&gt;&amp;nbsp;&amp;nbsp;&amp;nbsp; 打电话，发短信&lt;br style=&quot;box-sizing: border-box;&quot;/&gt;&amp;nbsp;&amp;nbsp;&amp;nbsp; 电池电量&lt;br style=&quot;box-sizing: border-box;&quot;/&gt;&amp;nbsp;&amp;nbsp;&amp;nbsp; 地理位置&lt;br style=&quot;box-sizing: border-box;&quot;/&gt;&amp;nbsp;&amp;nbsp;&amp;nbsp; 日期选择&lt;br style=&quot;box-sizing: border-box;&quot;/&gt;&amp;nbsp;&amp;nbsp;&amp;nbsp; 开启硬件加速&lt;br style=&quot;box-sizing: border-box;&quot;/&gt;&lt;br style=&quot;box-sizing: border-box;&quot;/&gt;桌面应用开发&lt;br style=&quot;box-sizing: border-box;&quot;/&gt;&lt;br style=&quot;box-sizing: border-box;&quot;/&gt;&amp;nbsp;&amp;nbsp;&amp;nbsp; nodewebkit&lt;br style=&quot;box-sizing: border-box;&quot;/&gt;&amp;nbsp;&amp;nbsp;&amp;nbsp; atom-shell(后改名为electron)&lt;br style=&quot;box-sizing: border-box;&quot;/&gt;&amp;nbsp;&amp;nbsp;&amp;nbsp; 网易Hex&lt;br style=&quot;box-sizing: border-box;&quot;/&gt;&amp;nbsp;&amp;nbsp;&amp;nbsp; pomelo(游戏服务器框架)&lt;br style=&quot;box-sizing: border-box;&quot;/&gt;&amp;nbsp;&amp;nbsp;&amp;nbsp; react desktop&lt;br style=&quot;box-sizing: border-box;&quot;/&gt;&amp;nbsp;&amp;nbsp;&amp;nbsp; appjs:appjs.com&lt;br style=&quot;box-sizing: border-box;&quot;/&gt;&lt;br style=&quot;box-sizing: border-box;&quot;/&gt;六、前端/H5优化(另一个图已给出)&lt;/p&gt;&lt;p style=&quot;box-sizing: border-box; margin-top: 0px; margin-bottom: 10px; color: rgb(68, 68, 68); font-family: &amp;#39;Microsoft Yahei&amp;#39;, &amp;#39;冬青黑体简体中文 w3&amp;#39;; font-size: 15px; line-height: 25.7250003814697px; white-space: normal; background-color: rgb(255, 255, 255);&quot;&gt;yslow、pagespeed&lt;br style=&quot;box-sizing: border-box;&quot;/&gt;移动web性能优化&lt;br style=&quot;box-sizing: border-box;&quot;/&gt;&lt;br style=&quot;box-sizing: border-box;&quot;/&gt;&amp;nbsp;&amp;nbsp;&amp;nbsp; 手机浏览器”省流量”原理&lt;br style=&quot;box-sizing: border-box;&quot;/&gt;&amp;nbsp;&amp;nbsp;&amp;nbsp; 增量更新原理及注意事项&lt;br style=&quot;box-sizing: border-box;&quot;/&gt;&amp;nbsp;&amp;nbsp;&amp;nbsp; 本地存储的应用&lt;br style=&quot;box-sizing: border-box;&quot;/&gt;&amp;nbsp;&amp;nbsp;&amp;nbsp; 加载优化&lt;br style=&quot;box-sizing: border-box;&quot;/&gt;&amp;nbsp;&amp;nbsp;&amp;nbsp; 图片优化&lt;br style=&quot;box-sizing: border-box;&quot;/&gt;&amp;nbsp;&amp;nbsp;&amp;nbsp; 单页面及路由实现&lt;br style=&quot;box-sizing: border-box;&quot;/&gt;&amp;nbsp;&amp;nbsp;&amp;nbsp; 业内著名站点案例分析&lt;br style=&quot;box-sizing: border-box;&quot;/&gt;&lt;br style=&quot;box-sizing: border-box;&quot;/&gt;七、全栈/全端开发&lt;/p&gt;&lt;p style=&quot;box-sizing: border-box; margin-top: 0px; margin-bottom: 10px; color: rgb(68, 68, 68); font-family: &amp;#39;Microsoft Yahei&amp;#39;, &amp;#39;冬青黑体简体中文 w3&amp;#39;; font-size: 15px; line-height: 25.7250003814697px; white-space: normal; background-color: rgb(255, 255, 255);&quot;&gt;express/node club + mongodb、thinkjs等框架&lt;br style=&quot;box-sizing: border-box;&quot;/&gt;node.js直出&lt;br style=&quot;box-sizing: border-box;&quot;/&gt;实时web开发，meteor/express.io&lt;br style=&quot;box-sizing: border-box;&quot;/&gt;MEAN(mongodb/express/angular/nodejs)&lt;br style=&quot;box-sizing: border-box;&quot;/&gt;http与http2协议、bigpipe、pipeline&lt;br style=&quot;box-sizing: border-box;&quot;/&gt;离线缓存，cookie、localstorage、indexdb&lt;br style=&quot;box-sizing: border-box;&quot;/&gt;cdn与dns&lt;br style=&quot;box-sizing: border-box;&quot;/&gt;&lt;br style=&quot;box-sizing: border-box;&quot;/&gt;&amp;nbsp;&amp;nbsp;&amp;nbsp; 动态域名加速&lt;br style=&quot;box-sizing: border-box;&quot;/&gt;&amp;nbsp;&amp;nbsp;&amp;nbsp; cdn原理与cdn combo&lt;br style=&quot;box-sizing: border-box;&quot;/&gt;&lt;br style=&quot;box-sizing: border-box;&quot;/&gt;八、研究实验&lt;br style=&quot;box-sizing: border-box;&quot;/&gt;WebAssembly、webTRC、typescript&lt;br style=&quot;box-sizing: border-box;&quot;/&gt;Material design规范的前端框架&lt;br style=&quot;box-sizing: border-box;&quot;/&gt;&lt;br style=&quot;box-sizing: border-box;&quot;/&gt;&amp;nbsp;&amp;nbsp;&amp;nbsp; 交互动效库&lt;br style=&quot;box-sizing: border-box;&quot;/&gt;&lt;br style=&quot;box-sizing: border-box;&quot;/&gt;AMP-HTML规范&lt;br style=&quot;box-sizing: border-box;&quot;/&gt;&lt;br style=&quot;box-sizing: border-box;&quot;/&gt;&amp;nbsp;&amp;nbsp;&amp;nbsp; 使用受限HTML以及缓存技术来提高移动网络中静态内容的性能&lt;br style=&quot;box-sizing: border-box;&quot;/&gt;&amp;nbsp;&amp;nbsp;&amp;nbsp; 添加自定义的元素代替禁用掉的元素：amp-audio, amp-img、amp-video等&lt;br style=&quot;box-sizing: border-box;&quot;/&gt;&lt;br style=&quot;box-sizing: border-box;&quot;/&gt;九、数据分析与监控&lt;br style=&quot;box-sizing: border-box;&quot;/&gt;badjs数据上报&lt;br style=&quot;box-sizing: border-box;&quot;/&gt;&lt;br style=&quot;box-sizing: border-box;&quot;/&gt;&amp;nbsp;&amp;nbsp;&amp;nbsp; 捕获错误两种方法：onerror、try-catch。抽样上报，先onerror统计语法错误，如果是script error，再使用tryjs。&lt;br style=&quot;box-sizing: border-box;&quot;/&gt;&amp;nbsp;&amp;nbsp;&amp;nbsp; 后台统计方法、不同业务接入体系、抽样统计&lt;br style=&quot;box-sizing: border-box;&quot;/&gt;&amp;nbsp;&amp;nbsp;&amp;nbsp; onerror:可以捕捉语法错误和运行时错误；可以拿到出错的信息，堆栈，出错文件、行号、列号；当前页面执行的js脚本出错都会捕捉到；跨域的资源需要特殊头部支持。&lt;br style=&quot;box-sizing: border-box;&quot;/&gt;&amp;nbsp;&amp;nbsp;&amp;nbsp; try-catch:无法捕捉语法错误，只能捕捉运行时错误；可以拿到出错的信息，堆栈，出错文件、行号、列号；需要借助工具把function块以及文件块加入try,catch，可以在这个阶段打入更多的静态信息。&lt;br style=&quot;box-sizing: border-box;&quot;/&gt;&lt;br style=&quot;box-sizing: border-box;&quot;/&gt;点击热力图clickHeat、heatMap&lt;br style=&quot;box-sizing: border-box;&quot;/&gt;js加载失败优化方案&lt;br style=&quot;box-sizing: border-box;&quot;/&gt;&lt;br style=&quot;box-sizing: border-box;&quot;/&gt;&amp;nbsp;&amp;nbsp;&amp;nbsp; 失败重发机制&lt;br style=&quot;box-sizing: border-box;&quot;/&gt;&amp;nbsp;&amp;nbsp;&amp;nbsp; 加载源域名服务器文件&lt;br style=&quot;box-sizing: border-box;&quot;/&gt;&amp;nbsp;&amp;nbsp;&amp;nbsp; https反劫持&lt;br style=&quot;box-sizing: border-box;&quot;/&gt;&lt;br style=&quot;box-sizing: border-box;&quot;/&gt;百度alog数据上报&lt;br style=&quot;box-sizing: border-box;&quot;/&gt;十、其它软技能&lt;/p&gt;&lt;p style=&quot;box-sizing: border-box; margin-top: 0px; margin-bottom: 10px; color: rgb(68, 68, 68); font-family: &amp;#39;Microsoft Yahei&amp;#39;, &amp;#39;冬青黑体简体中文 w3&amp;#39;; font-size: 15px; line-height: 25.7250003814697px; white-space: normal; background-color: rgb(255, 255, 255);&quot;&gt;axure 原型图设计&lt;br style=&quot;box-sizing: border-box;&quot;/&gt;xmind脑图管理&lt;br style=&quot;box-sizing: border-box;&quot;/&gt;效率管理&lt;br style=&quot;box-sizing: border-box;&quot;/&gt;can i use、github&lt;br style=&quot;box-sizing: border-box;&quot;/&gt;知识管理/总结分享&lt;br style=&quot;box-sizing: border-box;&quot;/&gt;产品思维与技能&lt;br style=&quot;box-sizing: border-box;&quot;/&gt;十一、前端技术网站&lt;br style=&quot;box-sizing: border-box;&quot;/&gt;技术社区&lt;br style=&quot;box-sizing: border-box;&quot;/&gt;&lt;br style=&quot;box-sizing: border-box;&quot;/&gt;&amp;nbsp;&amp;nbsp;&amp;nbsp; w3c tech、w3c plus、w3 help&lt;br style=&quot;box-sizing: border-box;&quot;/&gt;&amp;nbsp;&amp;nbsp;&amp;nbsp; div.io、nodeParty&lt;br style=&quot;box-sizing: border-box;&quot;/&gt;&amp;nbsp;&amp;nbsp;&amp;nbsp; 稀土掘金、前端早读课&lt;br style=&quot;box-sizing: border-box;&quot;/&gt;&amp;nbsp;&amp;nbsp;&amp;nbsp; alloyteam、html5基地&lt;br style=&quot;box-sizing: border-box;&quot;/&gt;&amp;nbsp;&amp;nbsp;&amp;nbsp; W3 help&lt;br style=&quot;box-sizing: border-box;&quot;/&gt;&lt;br style=&quot;box-sizing: border-box;&quot;/&gt;行业会议&lt;br style=&quot;box-sizing: border-box;&quot;/&gt;&lt;br style=&quot;box-sizing: border-box;&quot;/&gt;&amp;nbsp;&amp;nbsp;&amp;nbsp; segmentfault会议&lt;br style=&quot;box-sizing: border-box;&quot;/&gt;&amp;nbsp;&amp;nbsp;&amp;nbsp; 深js、杭js&lt;br style=&quot;box-sizing: border-box;&quot;/&gt;&amp;nbsp;&amp;nbsp;&amp;nbsp; GMIC(全球移动互联网大会)&lt;br style=&quot;box-sizing: border-box;&quot;/&gt;&amp;nbsp;&amp;nbsp;&amp;nbsp; D2、webrebuild&lt;br style=&quot;box-sizing: border-box;&quot;/&gt;&amp;nbsp;&amp;nbsp;&amp;nbsp; infoQ内容、Qcon、velocity&lt;/p&gt;&lt;p&gt;&lt;br/&gt;&lt;/p&gt;', 2, 1, 1463926352, 1463926352),
(171, '2324234234我的', '23 ', 'default.jpg', '感谢github 的@monday-ch 提出这个bug，在权限校验中，如果手动修改请求路径大小写，会发现没有权限的页面也可以访问到，这是个很严重的bug，原因在于校验不够严谨感谢github 的@m', '&lt;p&gt;玩儿玩儿&lt;/p&gt;', 18, 10, 1463931996, 1463934801),
(172, '5415685', '234234', 'default.jpg', '2342违反水电费', '&lt;p&gt;23玩儿玩儿&lt;/p&gt;', 3, 10, 1463933387, 1463933387),
(173, '水电费水电费', '234234', 'default.jpg', '23玩儿玩儿服务任务而温柔温柔23玩儿玩儿服务任务而温柔温柔23玩儿玩儿服务任务而温柔温柔23玩儿玩儿服务任务而温柔温柔23玩儿玩儿服务任务而温柔温柔23玩儿玩儿服务任务而温柔温柔23玩儿玩儿服务任务', '&lt;p&gt;娃儿&lt;/p&gt;', 1, 12, 1463933670, 1463934772);
INSERT INTO `cjt_article` (`id`, `title`, `author`, `coverpic`, `abstract`, `content`, `readnum`, `sortid`, `time`, `lastmodifytime`) VALUES
(174, '美丽的数据——数据可视化与信息可视化浅谈', ' jin lu', '2016-05-23/5741fa31b65c4.png', '我们常常迷失在数据中，纷繁复杂的数据让我们无所适从。可视化作为解决这问题的有效手段，通过视觉的方式让数字易于理解。数据可视化和信息可视化都是可视化的一种方式，数据可视化将数据库中每一个数据项作为单个图', '&lt;p style=&quot;margin-top: 20px; margin-bottom: 20px; padding: 0px; vertical-align: baseline; color: rgb(62, 62, 62); font-family: Helvetica, &amp;#39;Microsoft YaHei&amp;#39;, &amp;#39;STHeiti STXihei&amp;#39;, &amp;#39;Microsoft JhengHei&amp;#39;, Arial; font-size: 14px; line-height: 21px; white-space: normal; background-color: rgb(255, 255, 255);&quot;&gt;我们常常迷失在数据中，纷繁复杂的数据让我们无所适从。可视化作为解决这问题的有效手段，通过视觉的方式让数字易于理解。&lt;br/&gt;数据可视化和信息可视化都是可视化的一种方式，数据可视化将数据库中每一个数据项作为单个图元元素表示，大量的数据集构成数据图像，同时将数据的各个属性值以多维数据的形式表示，可以从不同的维度观察数据，从而对数据进行更深入的观察和分析。信息可视化，旨在把数据资料以视觉化的方式表现出。信息可视化是一种将数据与设计结合起来的图片，有利于个人或组织简短有效地向受众传播信息的数据表现形式。&lt;br/&gt;本文梳理了可视化相关内容，并且根据数据平台组同仁们在可视化项目过程中使用经验，总结一些可视化使用注意事项，与大家分享。&lt;/p&gt;&lt;p style=&quot;margin-top: 20px; margin-bottom: 20px; padding: 0px; vertical-align: baseline; color: rgb(62, 62, 62); font-family: Helvetica, &amp;#39;Microsoft YaHei&amp;#39;, &amp;#39;STHeiti STXihei&amp;#39;, &amp;#39;Microsoft JhengHei&amp;#39;, Arial; font-size: 14px; line-height: 21px; white-space: normal; background-color: rgb(255, 255, 255);&quot;&gt;&lt;strong&gt;数据可视化的图表类型简介&lt;/strong&gt;&lt;br/&gt;数据可视化有很多既定的图表类型，下面我们分别来谈谈这些图表类型，他们的适用场景，以及使用的优势和劣势。&lt;/p&gt;&lt;p style=&quot;margin-top: 20px; margin-bottom: 20px; padding: 0px; vertical-align: baseline; color: rgb(62, 62, 62); font-family: Helvetica, &amp;#39;Microsoft YaHei&amp;#39;, &amp;#39;STHeiti STXihei&amp;#39;, &amp;#39;Microsoft JhengHei&amp;#39;, Arial; font-size: 14px; line-height: 21px; white-space: normal; background-color: rgb(255, 255, 255);&quot;&gt;1.柱状图&lt;/p&gt;&lt;p style=&quot;margin-top: 20px; margin-bottom: 20px; padding: 0px; vertical-align: baseline; color: rgb(62, 62, 62); font-family: Helvetica, &amp;#39;Microsoft YaHei&amp;#39;, &amp;#39;STHeiti STXihei&amp;#39;, &amp;#39;Microsoft JhengHei&amp;#39;, Arial; font-size: 14px; line-height: 21px; white-space: normal; background-color: rgb(255, 255, 255);&quot;&gt;&lt;a href=&quot;http://jdc.jd.com/wp-content/uploads/2015/07/2.png&quot; style=&quot;text-decoration: none; color: rgb(153, 168, 172);&quot;&gt;&lt;img class=&quot;alignnone size-medium wp-image-1336&quot; src=&quot;http://jdc.jd.com/wp-content/uploads/2015/07/2-690x366.png&quot; alt=&quot;2&quot; width=&quot;690&quot; height=&quot;366&quot; style=&quot;border: 0px none; vertical-align: top; max-width: 100%; text-align: center; height: auto;&quot;/&gt;&lt;/a&gt;&lt;/p&gt;&lt;p style=&quot;margin-top: 20px; margin-bottom: 20px; padding: 0px; vertical-align: baseline; color: rgb(62, 62, 62); font-family: Helvetica, &amp;#39;Microsoft YaHei&amp;#39;, &amp;#39;STHeiti STXihei&amp;#39;, &amp;#39;Microsoft JhengHei&amp;#39;, Arial; font-size: 14px; line-height: 21px; white-space: normal; background-color: rgb(255, 255, 255);&quot;&gt;适用场景：它的适用场合是二维数据集（每个数据点包括两个值x和y），但只有一个维度需要比较。&lt;br/&gt;优势：柱状图利用柱子的高度，反映数据的差异。肉眼对高度差异很敏感，辨识效果非常好。&lt;br/&gt;劣势：柱状图的局限在于只适用中小规模的数据集。&lt;/p&gt;&lt;p style=&quot;margin-top: 20px; margin-bottom: 20px; padding: 0px; vertical-align: baseline; color: rgb(62, 62, 62); font-family: Helvetica, &amp;#39;Microsoft YaHei&amp;#39;, &amp;#39;STHeiti STXihei&amp;#39;, &amp;#39;Microsoft JhengHei&amp;#39;, Arial; font-size: 14px; line-height: 21px; white-space: normal; background-color: rgb(255, 255, 255);&quot;&gt;2.折线图&lt;/p&gt;&lt;p style=&quot;margin-top: 20px; margin-bottom: 20px; padding: 0px; vertical-align: baseline; color: rgb(62, 62, 62); font-family: Helvetica, &amp;#39;Microsoft YaHei&amp;#39;, &amp;#39;STHeiti STXihei&amp;#39;, &amp;#39;Microsoft JhengHei&amp;#39;, Arial; font-size: 14px; line-height: 21px; white-space: normal; background-color: rgb(255, 255, 255);&quot;&gt;&lt;a href=&quot;http://jdc.jd.com/wp-content/uploads/2015/07/3.png&quot; style=&quot;text-decoration: none; color: rgb(153, 168, 172);&quot;&gt;&lt;img class=&quot;alignnone size-full wp-image-1337&quot; src=&quot;http://jdc.jd.com/wp-content/uploads/2015/07/3.png&quot; alt=&quot;3&quot; width=&quot;688&quot; height=&quot;454&quot; style=&quot;border: 0px none; vertical-align: top; max-width: 100%; text-align: center; height: auto;&quot;/&gt;&lt;/a&gt;&lt;/p&gt;&lt;p style=&quot;margin-top: 20px; margin-bottom: 20px; padding: 0px; vertical-align: baseline; color: rgb(62, 62, 62); font-family: Helvetica, &amp;#39;Microsoft YaHei&amp;#39;, &amp;#39;STHeiti STXihei&amp;#39;, &amp;#39;Microsoft JhengHei&amp;#39;, Arial; font-size: 14px; line-height: 21px; white-space: normal; background-color: rgb(255, 255, 255);&quot;&gt;适用场景: 折线图适合二维的大数据集，尤其是那些趋势比单个数据点更重要的场合。它还适合多个二维数据集的比较。&lt;br/&gt;优势：容易反应出数据变化的趋势。&lt;/p&gt;&lt;p style=&quot;margin-top: 20px; margin-bottom: 20px; padding: 0px; vertical-align: baseline; color: rgb(62, 62, 62); font-family: Helvetica, &amp;#39;Microsoft YaHei&amp;#39;, &amp;#39;STHeiti STXihei&amp;#39;, &amp;#39;Microsoft JhengHei&amp;#39;, Arial; font-size: 14px; line-height: 21px; white-space: normal; background-color: rgb(255, 255, 255);&quot;&gt;3.饼图&lt;/p&gt;&lt;p style=&quot;margin-top: 20px; margin-bottom: 20px; padding: 0px; vertical-align: baseline; color: rgb(62, 62, 62); font-family: Helvetica, &amp;#39;Microsoft YaHei&amp;#39;, &amp;#39;STHeiti STXihei&amp;#39;, &amp;#39;Microsoft JhengHei&amp;#39;, Arial; font-size: 14px; line-height: 21px; white-space: normal; background-color: rgb(255, 255, 255);&quot;&gt;&lt;a href=&quot;http://jdc.jd.com/wp-content/uploads/2015/07/4.png&quot; style=&quot;text-decoration: none; color: rgb(153, 168, 172);&quot;&gt;&lt;img class=&quot;alignnone size-full wp-image-1338&quot; src=&quot;http://jdc.jd.com/wp-content/uploads/2015/07/4.png&quot; alt=&quot;4&quot; width=&quot;688&quot; height=&quot;454&quot; style=&quot;border: 0px none; vertical-align: top; max-width: 100%; text-align: center; height: auto;&quot;/&gt;&lt;/a&gt;&lt;/p&gt;&lt;p style=&quot;margin-top: 20px; margin-bottom: 20px; padding: 0px; vertical-align: baseline; color: rgb(62, 62, 62); font-family: Helvetica, &amp;#39;Microsoft YaHei&amp;#39;, &amp;#39;STHeiti STXihei&amp;#39;, &amp;#39;Microsoft JhengHei&amp;#39;, Arial; font-size: 14px; line-height: 21px; white-space: normal; background-color: rgb(255, 255, 255);&quot;&gt;适用场景：适用简单的占比图，在不要求数据精细的情况下可以适用。&lt;br/&gt;劣势：饼图是一种应该避免使用的图表，因为肉眼对面积大小不敏感。&lt;/p&gt;&lt;p style=&quot;margin-top: 20px; margin-bottom: 20px; padding: 0px; vertical-align: baseline; color: rgb(62, 62, 62); font-family: Helvetica, &amp;#39;Microsoft YaHei&amp;#39;, &amp;#39;STHeiti STXihei&amp;#39;, &amp;#39;Microsoft JhengHei&amp;#39;, Arial; font-size: 14px; line-height: 21px; white-space: normal; background-color: rgb(255, 255, 255);&quot;&gt;4.漏斗图&lt;/p&gt;&lt;p style=&quot;margin-top: 20px; margin-bottom: 20px; padding: 0px; vertical-align: baseline; color: rgb(62, 62, 62); font-family: Helvetica, &amp;#39;Microsoft YaHei&amp;#39;, &amp;#39;STHeiti STXihei&amp;#39;, &amp;#39;Microsoft JhengHei&amp;#39;, Arial; font-size: 14px; line-height: 21px; white-space: normal; background-color: rgb(255, 255, 255);&quot;&gt;&lt;a href=&quot;http://jdc.jd.com/wp-content/uploads/2015/07/5.png&quot; style=&quot;text-decoration: none; color: rgb(153, 168, 172);&quot;&gt;&lt;img class=&quot;alignnone size-full wp-image-1339&quot; src=&quot;http://jdc.jd.com/wp-content/uploads/2015/07/5.png&quot; alt=&quot;5&quot; width=&quot;688&quot; height=&quot;454&quot; style=&quot;border: 0px none; vertical-align: top; max-width: 100%; text-align: center; height: auto;&quot;/&gt;&lt;/a&gt;&lt;/p&gt;&lt;p style=&quot;margin-top: 20px; margin-bottom: 20px; padding: 0px; vertical-align: baseline; color: rgb(62, 62, 62); font-family: Helvetica, &amp;#39;Microsoft YaHei&amp;#39;, &amp;#39;STHeiti STXihei&amp;#39;, &amp;#39;Microsoft JhengHei&amp;#39;, Arial; font-size: 14px; line-height: 21px; white-space: normal; background-color: rgb(255, 255, 255);&quot;&gt;适用场景：漏斗图适用于业务流程比较规范、周期长、环节多的流程分析，通过漏斗各环节业务数据的比较，能够直观地发现和说明问题所在。&lt;br/&gt;优势:能够直观地发现和说明问题所在。在网站分析中，通常用于转化率比较，它不仅能展示用户从进入网站到实现购买的最终转化率，还可以展示每个步骤的转化率。&lt;br/&gt;劣势:单一漏斗图无法评价网站某个关键流程中各步骤转化率的好坏。&lt;/p&gt;&lt;p style=&quot;margin-top: 20px; margin-bottom: 20px; padding: 0px; vertical-align: baseline; color: rgb(62, 62, 62); font-family: Helvetica, &amp;#39;Microsoft YaHei&amp;#39;, &amp;#39;STHeiti STXihei&amp;#39;, &amp;#39;Microsoft JhengHei&amp;#39;, Arial; font-size: 14px; line-height: 21px; white-space: normal; background-color: rgb(255, 255, 255);&quot;&gt;5.地图&lt;/p&gt;&lt;p style=&quot;margin-top: 20px; margin-bottom: 20px; padding: 0px; vertical-align: baseline; color: rgb(62, 62, 62); font-family: Helvetica, &amp;#39;Microsoft YaHei&amp;#39;, &amp;#39;STHeiti STXihei&amp;#39;, &amp;#39;Microsoft JhengHei&amp;#39;, Arial; font-size: 14px; line-height: 21px; white-space: normal; background-color: rgb(255, 255, 255);&quot;&gt;&lt;a href=&quot;http://jdc.jd.com/wp-content/uploads/2015/07/7.png&quot; style=&quot;text-decoration: none; color: rgb(153, 168, 172);&quot;&gt;&lt;img class=&quot;alignnone size-medium wp-image-1340&quot; src=&quot;http://jdc.jd.com/wp-content/uploads/2015/07/7-690x555.png&quot; alt=&quot;7&quot; width=&quot;690&quot; height=&quot;555&quot; style=&quot;border: 0px none; vertical-align: top; max-width: 100%; text-align: center; height: auto;&quot;/&gt;&lt;/a&gt;&lt;/p&gt;&lt;p style=&quot;margin-top: 20px; margin-bottom: 20px; padding: 0px; vertical-align: baseline; color: rgb(62, 62, 62); font-family: Helvetica, &amp;#39;Microsoft YaHei&amp;#39;, &amp;#39;STHeiti STXihei&amp;#39;, &amp;#39;Microsoft JhengHei&amp;#39;, Arial; font-size: 14px; line-height: 21px; white-space: normal; background-color: rgb(255, 255, 255);&quot;&gt;适用场景：适用于有空间位置的数据集。&lt;br/&gt;优劣势：特殊状况下使用。&lt;/p&gt;&lt;p style=&quot;margin-top: 20px; margin-bottom: 20px; padding: 0px; vertical-align: baseline; color: rgb(62, 62, 62); font-family: Helvetica, &amp;#39;Microsoft YaHei&amp;#39;, &amp;#39;STHeiti STXihei&amp;#39;, &amp;#39;Microsoft JhengHei&amp;#39;, Arial; font-size: 14px; line-height: 21px; white-space: normal; background-color: rgb(255, 255, 255);&quot;&gt;6.雷达图&lt;/p&gt;&lt;p style=&quot;margin-top: 20px; margin-bottom: 20px; padding: 0px; vertical-align: baseline; color: rgb(62, 62, 62); font-family: Helvetica, &amp;#39;Microsoft YaHei&amp;#39;, &amp;#39;STHeiti STXihei&amp;#39;, &amp;#39;Microsoft JhengHei&amp;#39;, Arial; font-size: 14px; line-height: 21px; white-space: normal; background-color: rgb(255, 255, 255);&quot;&gt;&lt;a href=&quot;http://jdc.jd.com/wp-content/uploads/2015/07/8.png&quot; style=&quot;text-decoration: none; color: rgb(153, 168, 172);&quot;&gt;&lt;img class=&quot;alignnone size-full wp-image-1341&quot; src=&quot;http://jdc.jd.com/wp-content/uploads/2015/07/8.png&quot; alt=&quot;8&quot; width=&quot;688&quot; height=&quot;454&quot; style=&quot;border: 0px none; vertical-align: top; max-width: 100%; text-align: center; height: auto;&quot;/&gt;&lt;/a&gt;适用场景：雷达图适用于多维数据（四维以上），且每个维度必须可以排序。但是，它有一个局限，就是数据点最多6个，否则无法辨别，因此适用场合有限。&lt;br/&gt;劣势：需要注意的时候，用户不熟悉雷达图，解读有困难。使用时尽量加上说明，减轻解读负担。&lt;/p&gt;&lt;p style=&quot;margin-top: 20px; margin-bottom: 20px; padding: 0px; vertical-align: baseline; color: rgb(62, 62, 62); font-family: Helvetica, &amp;#39;Microsoft YaHei&amp;#39;, &amp;#39;STHeiti STXihei&amp;#39;, &amp;#39;Microsoft JhengHei&amp;#39;, Arial; font-size: 14px; line-height: 21px; white-space: normal; background-color: rgb(255, 255, 255);&quot;&gt;&lt;strong&gt;数据可视化使用小贴士&lt;/strong&gt;&lt;br/&gt;饼图顺序不当&lt;/p&gt;&lt;p style=&quot;margin-top: 20px; margin-bottom: 20px; padding: 0px; vertical-align: baseline; color: rgb(62, 62, 62); font-family: Helvetica, &amp;#39;Microsoft YaHei&amp;#39;, &amp;#39;STHeiti STXihei&amp;#39;, &amp;#39;Microsoft JhengHei&amp;#39;, Arial; font-size: 14px; line-height: 21px; white-space: normal; background-color: rgb(255, 255, 255);&quot;&gt;&lt;a href=&quot;http://jdc.jd.com/wp-content/uploads/2015/07/9.png&quot; style=&quot;text-decoration: none; color: rgb(153, 168, 172);&quot;&gt;&lt;img class=&quot;alignnone size-medium wp-image-1342&quot; src=&quot;http://jdc.jd.com/wp-content/uploads/2015/07/9-690x235.png&quot; alt=&quot;9&quot; width=&quot;690&quot; height=&quot;235&quot; style=&quot;border: 0px none; vertical-align: top; max-width: 100%; text-align: center; height: auto;&quot;/&gt;&lt;/a&gt;&lt;/p&gt;&lt;p style=&quot;margin-top: 20px; margin-bottom: 20px; padding: 0px; vertical-align: baseline; color: rgb(62, 62, 62); font-family: Helvetica, &amp;#39;Microsoft YaHei&amp;#39;, &amp;#39;STHeiti STXihei&amp;#39;, &amp;#39;Microsoft JhengHei&amp;#39;, Arial; font-size: 14px; line-height: 21px; white-space: normal; background-color: rgb(255, 255, 255);&quot;&gt;（最好的做法是将份额最大的那部分放在12点方向，顺时针放置第二大份额的部分，以此类推。）&lt;/p&gt;&lt;p style=&quot;margin-top: 20px; margin-bottom: 20px; padding: 0px; vertical-align: baseline; color: rgb(62, 62, 62); font-family: Helvetica, &amp;#39;Microsoft YaHei&amp;#39;, &amp;#39;STHeiti STXihei&amp;#39;, &amp;#39;Microsoft JhengHei&amp;#39;, Arial; font-size: 14px; line-height: 21px; white-space: normal; background-color: rgb(255, 255, 255);&quot;&gt;2.在线状图中使用虚线&lt;/p&gt;&lt;p style=&quot;margin-top: 20px; margin-bottom: 20px; padding: 0px; vertical-align: baseline; color: rgb(62, 62, 62); font-family: Helvetica, &amp;#39;Microsoft YaHei&amp;#39;, &amp;#39;STHeiti STXihei&amp;#39;, &amp;#39;Microsoft JhengHei&amp;#39;, Arial; font-size: 14px; line-height: 21px; white-space: normal; background-color: rgb(255, 255, 255);&quot;&gt;&lt;a href=&quot;http://jdc.jd.com/wp-content/uploads/2015/07/10.png&quot; style=&quot;text-decoration: none; color: rgb(153, 168, 172);&quot;&gt;&lt;img class=&quot;alignnone size-medium wp-image-1343&quot; src=&quot;http://jdc.jd.com/wp-content/uploads/2015/07/10-690x184.png&quot; alt=&quot;10&quot; width=&quot;690&quot; height=&quot;184&quot; style=&quot;border: 0px none; vertical-align: top; max-width: 100%; text-align: center; height: auto;&quot;/&gt;&lt;/a&gt;&lt;/p&gt;&lt;p style=&quot;margin-top: 20px; margin-bottom: 20px; padding: 0px; vertical-align: baseline; color: rgb(62, 62, 62); font-family: Helvetica, &amp;#39;Microsoft YaHei&amp;#39;, &amp;#39;STHeiti STXihei&amp;#39;, &amp;#39;Microsoft JhengHei&amp;#39;, Arial; font-size: 14px; line-height: 21px; white-space: normal; background-color: rgb(255, 255, 255);&quot;&gt;（虚线会让人分心，用实线搭配合适的颜色更容易区分。）&lt;/p&gt;&lt;p style=&quot;margin-top: 20px; margin-bottom: 20px; padding: 0px; vertical-align: baseline; color: rgb(62, 62, 62); font-family: Helvetica, &amp;#39;Microsoft YaHei&amp;#39;, &amp;#39;STHeiti STXihei&amp;#39;, &amp;#39;Microsoft JhengHei&amp;#39;, Arial; font-size: 14px; line-height: 21px; white-space: normal; background-color: rgb(255, 255, 255);&quot;&gt;3.数据被遮盖&lt;/p&gt;&lt;p style=&quot;margin-top: 20px; margin-bottom: 20px; padding: 0px; vertical-align: baseline; color: rgb(62, 62, 62); font-family: Helvetica, &amp;#39;Microsoft YaHei&amp;#39;, &amp;#39;STHeiti STXihei&amp;#39;, &amp;#39;Microsoft JhengHei&amp;#39;, Arial; font-size: 14px; line-height: 21px; white-space: normal; background-color: rgb(255, 255, 255);&quot;&gt;&lt;a href=&quot;http://jdc.jd.com/wp-content/uploads/2015/07/11.png&quot; style=&quot;text-decoration: none; color: rgb(153, 168, 172);&quot;&gt;&lt;img class=&quot;alignnone size-medium wp-image-1344&quot; src=&quot;http://jdc.jd.com/wp-content/uploads/2015/07/11-690x466.png&quot; alt=&quot;11&quot; width=&quot;690&quot; height=&quot;466&quot; style=&quot;border: 0px none; vertical-align: top; max-width: 100%; text-align: center; height: auto;&quot;/&gt;&lt;/a&gt;&lt;/p&gt;&lt;p style=&quot;margin-top: 20px; margin-bottom: 20px; padding: 0px; vertical-align: baseline; color: rgb(62, 62, 62); font-family: Helvetica, &amp;#39;Microsoft YaHei&amp;#39;, &amp;#39;STHeiti STXihei&amp;#39;, &amp;#39;Microsoft JhengHei&amp;#39;, Arial; font-size: 14px; line-height: 21px; white-space: normal; background-color: rgb(255, 255, 255);&quot;&gt;（确保数据不会因为设计而丢失或被覆盖。例如在面积图中使用透明效果来确保用户可以看到全部数据。）&lt;/p&gt;&lt;p style=&quot;margin-top: 20px; margin-bottom: 20px; padding: 0px; vertical-align: baseline; color: rgb(62, 62, 62); font-family: Helvetica, &amp;#39;Microsoft YaHei&amp;#39;, &amp;#39;STHeiti STXihei&amp;#39;, &amp;#39;Microsoft JhengHei&amp;#39;, Arial; font-size: 14px; line-height: 21px; white-space: normal; background-color: rgb(255, 255, 255);&quot;&gt;4. 耗费用户更多的精力&lt;/p&gt;&lt;p style=&quot;margin-top: 20px; margin-bottom: 20px; padding: 0px; vertical-align: baseline; color: rgb(62, 62, 62); font-family: Helvetica, &amp;#39;Microsoft YaHei&amp;#39;, &amp;#39;STHeiti STXihei&amp;#39;, &amp;#39;Microsoft JhengHei&amp;#39;, Arial; font-size: 14px; line-height: 21px; white-space: normal; background-color: rgb(255, 255, 255);&quot;&gt;&lt;a href=&quot;http://jdc.jd.com/wp-content/uploads/2015/07/12.png&quot; style=&quot;text-decoration: none; color: rgb(153, 168, 172);&quot;&gt;&lt;img class=&quot;alignnone size-medium wp-image-1345&quot; src=&quot;http://jdc.jd.com/wp-content/uploads/2015/07/12-690x205.png&quot; alt=&quot;12&quot; width=&quot;690&quot; height=&quot;205&quot; style=&quot;border: 0px none; vertical-align: top; max-width: 100%; text-align: center; height: auto;&quot;/&gt;&lt;/a&gt;&lt;/p&gt;&lt;p style=&quot;margin-top: 20px; margin-bottom: 20px; padding: 0px; vertical-align: baseline; color: rgb(62, 62, 62); font-family: Helvetica, &amp;#39;Microsoft YaHei&amp;#39;, &amp;#39;STHeiti STXihei&amp;#39;, &amp;#39;Microsoft JhengHei&amp;#39;, Arial; font-size: 14px; line-height: 21px; white-space: normal; background-color: rgb(255, 255, 255);&quot;&gt;（通过辅助的图形元素来使数据更易于理解，比如在散点图中增加趋势线。）&lt;/p&gt;&lt;p style=&quot;margin-top: 20px; margin-bottom: 20px; padding: 0px; vertical-align: baseline; color: rgb(62, 62, 62); font-family: Helvetica, &amp;#39;Microsoft YaHei&amp;#39;, &amp;#39;STHeiti STXihei&amp;#39;, &amp;#39;Microsoft JhengHei&amp;#39;, Arial; font-size: 14px; line-height: 21px; white-space: normal; background-color: rgb(255, 255, 255);&quot;&gt;5.柱状过宽或过窄&lt;br/&gt;&lt;a href=&quot;http://jdc.jd.com/wp-content/uploads/2015/07/13.png&quot; style=&quot;text-decoration: none; color: rgb(153, 168, 172);&quot;&gt;&lt;img class=&quot;alignnone size-medium wp-image-1346&quot; src=&quot;http://jdc.jd.com/wp-content/uploads/2015/07/13-690x187.png&quot; alt=&quot;13&quot; width=&quot;690&quot; height=&quot;187&quot; style=&quot;border: 0px none; vertical-align: top; max-width: 100%; text-align: center; height: auto;&quot;/&gt;&lt;/a&gt;&lt;/p&gt;&lt;p style=&quot;margin-top: 20px; margin-bottom: 20px; padding: 0px; vertical-align: baseline; color: rgb(62, 62, 62); font-family: Helvetica, &amp;#39;Microsoft YaHei&amp;#39;, &amp;#39;STHeiti STXihei&amp;#39;, &amp;#39;Microsoft JhengHei&amp;#39;, Arial; font-size: 14px; line-height: 21px; white-space: normal; background-color: rgb(255, 255, 255);&quot;&gt;（经过调研，柱子的间隔最好调整为宽的1/2。）&lt;/p&gt;&lt;p style=&quot;margin-top: 20px; margin-bottom: 20px; padding: 0px; vertical-align: baseline; color: rgb(62, 62, 62); font-family: Helvetica, &amp;#39;Microsoft YaHei&amp;#39;, &amp;#39;STHeiti STXihei&amp;#39;, &amp;#39;Microsoft JhengHei&amp;#39;, Arial; font-size: 14px; line-height: 21px; white-space: normal; background-color: rgb(255, 255, 255);&quot;&gt;6．数据对比困难&lt;/p&gt;&lt;p style=&quot;margin-top: 20px; margin-bottom: 20px; padding: 0px; vertical-align: baseline; color: rgb(62, 62, 62); font-family: Helvetica, &amp;#39;Microsoft YaHei&amp;#39;, &amp;#39;STHeiti STXihei&amp;#39;, &amp;#39;Microsoft JhengHei&amp;#39;, Arial; font-size: 14px; line-height: 21px; white-space: normal; background-color: rgb(255, 255, 255);&quot;&gt;&lt;a href=&quot;http://jdc.jd.com/wp-content/uploads/2015/07/14.png&quot; style=&quot;text-decoration: none; color: rgb(153, 168, 172);&quot;&gt;&lt;img class=&quot;alignnone size-medium wp-image-1347&quot; src=&quot;http://jdc.jd.com/wp-content/uploads/2015/07/14-690x212.png&quot; alt=&quot;14&quot; width=&quot;690&quot; height=&quot;212&quot; style=&quot;border: 0px none; vertical-align: top; max-width: 100%; text-align: center; height: auto;&quot;/&gt;&lt;/a&gt;&lt;/p&gt;&lt;p style=&quot;margin-top: 20px; margin-bottom: 20px; padding: 0px; vertical-align: baseline; color: rgb(62, 62, 62); font-family: Helvetica, &amp;#39;Microsoft YaHei&amp;#39;, &amp;#39;STHeiti STXihei&amp;#39;, &amp;#39;Microsoft JhengHei&amp;#39;, Arial; font-size: 14px; line-height: 21px; white-space: normal; background-color: rgb(255, 255, 255);&quot;&gt;（选择合适的图表，让数据对比更明显直接。上图的数据作用是为了比较，显然，柱状图比饼图在视觉上更易于比较。）&lt;/p&gt;&lt;p style=&quot;margin-top: 20px; margin-bottom: 20px; padding: 0px; vertical-align: baseline; color: rgb(62, 62, 62); font-family: Helvetica, &amp;#39;Microsoft YaHei&amp;#39;, &amp;#39;STHeiti STXihei&amp;#39;, &amp;#39;Microsoft JhengHei&amp;#39;, Arial; font-size: 14px; line-height: 21px; white-space: normal; background-color: rgb(255, 255, 255);&quot;&gt;7.错误呈现数据&lt;/p&gt;&lt;p style=&quot;margin-top: 20px; margin-bottom: 20px; padding: 0px; vertical-align: baseline; color: rgb(62, 62, 62); font-family: Helvetica, &amp;#39;Microsoft YaHei&amp;#39;, &amp;#39;STHeiti STXihei&amp;#39;, &amp;#39;Microsoft JhengHei&amp;#39;, Arial; font-size: 14px; line-height: 21px; white-space: normal; background-color: rgb(255, 255, 255);&quot;&gt;&lt;a href=&quot;http://jdc.jd.com/wp-content/uploads/2015/07/15.png&quot; style=&quot;text-decoration: none; color: rgb(153, 168, 172);&quot;&gt;&lt;img class=&quot;alignnone size-medium wp-image-1348&quot; src=&quot;http://jdc.jd.com/wp-content/uploads/2015/07/15-690x175.png&quot; alt=&quot;15&quot; width=&quot;690&quot; height=&quot;175&quot; style=&quot;border: 0px none; vertical-align: top; max-width: 100%; text-align: center; height: auto;&quot;/&gt;&lt;/a&gt;&lt;/p&gt;&lt;p style=&quot;margin-top: 20px; margin-bottom: 20px; padding: 0px; vertical-align: baseline; color: rgb(62, 62, 62); font-family: Helvetica, &amp;#39;Microsoft YaHei&amp;#39;, &amp;#39;STHeiti STXihei&amp;#39;, &amp;#39;Microsoft JhengHei&amp;#39;, Arial; font-size: 14px; line-height: 21px; white-space: normal; background-color: rgb(255, 255, 255);&quot;&gt;（确保任何呈现都是准确的，比如，上图气泡图的面积大小应该跟数值一样。）&lt;/p&gt;&lt;p style=&quot;margin-top: 20px; margin-bottom: 20px; padding: 0px; vertical-align: baseline; color: rgb(62, 62, 62); font-family: Helvetica, &amp;#39;Microsoft YaHei&amp;#39;, &amp;#39;STHeiti STXihei&amp;#39;, &amp;#39;Microsoft JhengHei&amp;#39;, Arial; font-size: 14px; line-height: 21px; white-space: normal; background-color: rgb(255, 255, 255);&quot;&gt;8.不要过分设计&lt;/p&gt;&lt;p style=&quot;margin-top: 20px; margin-bottom: 20px; padding: 0px; vertical-align: baseline; color: rgb(62, 62, 62); font-family: Helvetica, &amp;#39;Microsoft YaHei&amp;#39;, &amp;#39;STHeiti STXihei&amp;#39;, &amp;#39;Microsoft JhengHei&amp;#39;, Arial; font-size: 14px; line-height: 21px; white-space: normal; background-color: rgb(255, 255, 255);&quot;&gt;&lt;a href=&quot;http://jdc.jd.com/wp-content/uploads/2015/07/16.png&quot; style=&quot;text-decoration: none; color: rgb(153, 168, 172);&quot;&gt;&lt;img class=&quot;alignnone size-medium wp-image-1349&quot; src=&quot;http://jdc.jd.com/wp-content/uploads/2015/07/16-690x196.png&quot; alt=&quot;16&quot; width=&quot;690&quot; height=&quot;196&quot; style=&quot;border: 0px none; vertical-align: top; max-width: 100%; text-align: center; height: auto;&quot;/&gt;&lt;/a&gt;&lt;/p&gt;&lt;p style=&quot;margin-top: 20px; margin-bottom: 20px; padding: 0px; vertical-align: baseline; color: rgb(62, 62, 62); font-family: Helvetica, &amp;#39;Microsoft YaHei&amp;#39;, &amp;#39;STHeiti STXihei&amp;#39;, &amp;#39;Microsoft JhengHei&amp;#39;, Arial; font-size: 14px; line-height: 21px; white-space: normal; background-color: rgb(255, 255, 255);&quot;&gt;（清楚标明各个图形表示的数据，避免用与主要数据不相关的颜色，形状干扰视觉。）&lt;/p&gt;&lt;p style=&quot;margin-top: 20px; margin-bottom: 20px; padding: 0px; vertical-align: baseline; color: rgb(62, 62, 62); font-family: Helvetica, &amp;#39;Microsoft YaHei&amp;#39;, &amp;#39;STHeiti STXihei&amp;#39;, &amp;#39;Microsoft JhengHei&amp;#39;, Arial; font-size: 14px; line-height: 21px; white-space: normal; background-color: rgb(255, 255, 255);&quot;&gt;9. 数据没有很好归类，没有重点区分&lt;/p&gt;&lt;p style=&quot;margin-top: 20px; margin-bottom: 20px; padding: 0px; vertical-align: baseline; color: rgb(62, 62, 62); font-family: Helvetica, &amp;#39;Microsoft YaHei&amp;#39;, &amp;#39;STHeiti STXihei&amp;#39;, &amp;#39;Microsoft JhengHei&amp;#39;, Arial; font-size: 14px; line-height: 21px; white-space: normal; background-color: rgb(255, 255, 255);&quot;&gt;&lt;a href=&quot;http://jdc.jd.com/wp-content/uploads/2015/07/17.png&quot; style=&quot;text-decoration: none; color: rgb(153, 168, 172);&quot;&gt;&lt;img class=&quot;alignnone size-medium wp-image-1350&quot; src=&quot;http://jdc.jd.com/wp-content/uploads/2015/07/17-690x526.png&quot; alt=&quot;17&quot; width=&quot;690&quot; height=&quot;526&quot; style=&quot;border: 0px none; vertical-align: top; max-width: 100%; text-align: center; height: auto;&quot;/&gt;&lt;/a&gt;&lt;/p&gt;&lt;p style=&quot;margin-top: 20px; margin-bottom: 20px; padding: 0px; vertical-align: baseline; color: rgb(62, 62, 62); font-family: Helvetica, &amp;#39;Microsoft YaHei&amp;#39;, &amp;#39;STHeiti STXihei&amp;#39;, &amp;#39;Microsoft JhengHei&amp;#39;, Arial; font-size: 14px; line-height: 21px; white-space: normal; background-color: rgb(255, 255, 255);&quot;&gt;（将同类数据归类，简化色彩，帮助用户更快理解数据。上图的第一张没有属于同类型手机中不同系统进行颜色上的归类，从而减少了比较的作用。下图就通过蓝色系很好的把iPhone,Android,WP版归为一类，很好的与iPad版，其他比较。）&lt;/p&gt;&lt;p style=&quot;margin-top: 20px; margin-bottom: 20px; padding: 0px; vertical-align: baseline; color: rgb(62, 62, 62); font-family: Helvetica, &amp;#39;Microsoft YaHei&amp;#39;, &amp;#39;STHeiti STXihei&amp;#39;, &amp;#39;Microsoft JhengHei&amp;#39;, Arial; font-size: 14px; line-height: 21px; white-space: normal; background-color: rgb(255, 255, 255);&quot;&gt;10.误导用户的图表&lt;/p&gt;&lt;p style=&quot;margin-top: 20px; margin-bottom: 20px; padding: 0px; vertical-align: baseline; color: rgb(62, 62, 62); font-family: Helvetica, &amp;#39;Microsoft YaHei&amp;#39;, &amp;#39;STHeiti STXihei&amp;#39;, &amp;#39;Microsoft JhengHei&amp;#39;, Arial; font-size: 14px; line-height: 21px; white-space: normal; background-color: rgb(255, 255, 255);&quot;&gt;&lt;a href=&quot;http://jdc.jd.com/wp-content/uploads/2015/07/18.png&quot; style=&quot;text-decoration: none; color: rgb(153, 168, 172);&quot;&gt;&lt;img class=&quot;alignnone size-medium wp-image-1351&quot; src=&quot;http://jdc.jd.com/wp-content/uploads/2015/07/18-690x218.png&quot; alt=&quot;18&quot; width=&quot;690&quot; height=&quot;218&quot; style=&quot;border: 0px none; vertical-align: top; max-width: 100%; text-align: center; height: auto;&quot;/&gt;&lt;/a&gt;&lt;/p&gt;&lt;p style=&quot;margin-top: 20px; margin-bottom: 20px; padding: 0px; vertical-align: baseline; color: rgb(62, 62, 62); font-family: Helvetica, &amp;#39;Microsoft YaHei&amp;#39;, &amp;#39;STHeiti STXihei&amp;#39;, &amp;#39;Microsoft JhengHei&amp;#39;, Arial; font-size: 14px; line-height: 21px; white-space: normal; background-color: rgb(255, 255, 255);&quot;&gt;（要客观反映真实数据，纵坐标不能被截断，否则视觉感受和实际数据相差很大。左图的数据起始点被截断从50开始。）&lt;/p&gt;&lt;p style=&quot;margin-top: 20px; margin-bottom: 20px; padding: 0px; vertical-align: baseline; color: rgb(62, 62, 62); font-family: Helvetica, &amp;#39;Microsoft YaHei&amp;#39;, &amp;#39;STHeiti STXihei&amp;#39;, &amp;#39;Microsoft JhengHei&amp;#39;, Arial; font-size: 14px; line-height: 21px; white-space: normal; background-color: rgb(255, 255, 255);&quot;&gt;&lt;strong&gt;信息可视化案例&lt;/strong&gt;&lt;br/&gt;信息可视化囊括了数据可视化，信息图形，知识可视化，科学可视化，以及视觉设计方面的所有发展与进步。下面是信息可视化的案例分享。&lt;br/&gt;&lt;a href=&quot;http://jdc.jd.com/wp-content/uploads/2015/07/19.jpg&quot; style=&quot;text-decoration: none; color: rgb(153, 168, 172);&quot;&gt;&lt;img class=&quot;alignnone size-medium wp-image-1352&quot; src=&quot;http://jdc.jd.com/wp-content/uploads/2015/07/19-690x518.jpg&quot; alt=&quot;19&quot; width=&quot;690&quot; height=&quot;518&quot; style=&quot;border: 0px none; vertical-align: top; max-width: 100%; text-align: center; height: auto;&quot;/&gt;&lt;/a&gt;&lt;br/&gt;(上图为关系网——基于60000封电子邮件存档数据，用不同颜色深度的线条呈现了地址簿中用户和个体之间的关系，比如回复、发送、抄送。)&lt;/p&gt;&lt;p style=&quot;margin-top: 20px; margin-bottom: 20px; padding: 0px; vertical-align: baseline; color: rgb(62, 62, 62); font-family: Helvetica, &amp;#39;Microsoft YaHei&amp;#39;, &amp;#39;STHeiti STXihei&amp;#39;, &amp;#39;Microsoft JhengHei&amp;#39;, Arial; font-size: 14px; line-height: 21px; white-space: normal; background-color: rgb(255, 255, 255);&quot;&gt;&lt;a href=&quot;http://jdc.jd.com/wp-content/uploads/2015/07/20.jpg&quot; style=&quot;text-decoration: none; color: rgb(153, 168, 172);&quot;&gt;&lt;img class=&quot;alignnone size-full wp-image-1353&quot; src=&quot;http://jdc.jd.com/wp-content/uploads/2015/07/20.jpg&quot; alt=&quot;20&quot; width=&quot;550&quot; height=&quot;657&quot; style=&quot;border: 0px none; vertical-align: top; max-width: 100%; text-align: center; height: auto;&quot;/&gt;&lt;/a&gt;&lt;br/&gt;（上图通过数据化的比较，用变形的柱状图等图形，形象的展示了不同国家老师的收入水平，社会包括学生和公众对其的尊重度。）&lt;/p&gt;&lt;p style=&quot;margin-top: 20px; margin-bottom: 20px; padding: 0px; vertical-align: baseline; color: rgb(62, 62, 62); font-family: Helvetica, &amp;#39;Microsoft YaHei&amp;#39;, &amp;#39;STHeiti STXihei&amp;#39;, &amp;#39;Microsoft JhengHei&amp;#39;, Arial; font-size: 14px; line-height: 21px; white-space: normal; background-color: rgb(255, 255, 255);&quot;&gt;如何制作信息可视化？&lt;br/&gt;第一步：确定表意正确明确信息图表达内容，确定最主要的表现内容。&lt;br/&gt;第二步：优化展现形式内容正确还不够，还要易懂。我们需要在这个步骤里寻找信息图最优表现形式，让读者 一目了然，降低理解难度。&lt;br/&gt;第三步：探索视觉风格在探索视觉风格时要注意抓大放小，先定下来最主要模块的风格，再做延展。&lt;br/&gt;第四步：完善细节视觉风格确定后，可根据需要添加、完善细节。&lt;br/&gt;第五步：风格延展“一致”的视觉设定有助于用户理解，也能更好的提升品牌形象。所以主风格确定后，我们需要把它延展到其它有需要的页面上。&lt;/p&gt;&lt;p style=&quot;margin-top: 20px; margin-bottom: 20px; padding: 0px; vertical-align: baseline; color: rgb(62, 62, 62); font-family: Helvetica, &amp;#39;Microsoft YaHei&amp;#39;, &amp;#39;STHeiti STXihei&amp;#39;, &amp;#39;Microsoft JhengHei&amp;#39;, Arial; font-size: 14px; line-height: 21px; white-space: normal; background-color: rgb(255, 255, 255);&quot;&gt;以上是分享了数据可视化和信息可视化相关内容，不过信息可视化和数据可视化是两个容易混淆的概念，基于数据生成的数据可视化和信息可视化这两者在现实应用中非常接近，并且有时能够互相替换使用。但是这两者其实是不同的，数据可视化是指那些用程序生成的图形图像，这个程序可以被应用到很多不同的数据上。信息可视化是指为某一数据定制的图形图像，它往往是设计者手工定制的，只能应用在那个数据中。信息可视化的代表特征：具体化的，自解释性的和独立的。为了满足这些特征，这个图是需要手工定制的。 并没有任何一个可视化程序能够基于任一数据生成这样具体化的图片并在上面标注所有的解释性文字。&lt;br/&gt;数据可视化则是普适的，比如平行坐标图并不因为数据的不同而改变自己的可视化设计。可视化的强大的普适性能够使用户快速应用某种可视化技术在一些新的数据上，并且通过可视化结果图像理解新数据，与针对已知特定数据进行信息可视化设计绘制相比，用户更像是通过对数据进行可视化的应用来学习和挖掘数据，而普适性的数据可视化技术本身并没有解释数据的功能。&lt;/p&gt;&lt;p style=&quot;margin-top: 20px; margin-bottom: 20px; padding: 0px; vertical-align: baseline; color: rgb(62, 62, 62); font-family: Helvetica, &amp;#39;Microsoft YaHei&amp;#39;, &amp;#39;STHeiti STXihei&amp;#39;, &amp;#39;Microsoft JhengHei&amp;#39;, Arial; font-size: 14px; line-height: 21px; white-space: normal; background-color: rgb(255, 255, 255);&quot;&gt;（感谢数据平台组同仁们对此文章的贡献，感谢魏茜璐的视觉配图。）&lt;/p&gt;&lt;p&gt;&lt;br/&gt;&lt;/p&gt;', 191, 1, 1463941681, 1463946859),
(175, '232342342323122222222222222是221', '23', 'default.jpg', '', '&lt;p&gt;23&lt;/p&gt;', 5, 10, 1463955545, 1463955545),
(176, '5789774874', '23 ', 'default.jpg', '', '&lt;p&gt;23&lt;/p&gt;', 14, 1, 1463955621, 1463955621);
INSERT INTO `cjt_article` (`id`, `title`, `author`, `coverpic`, `abstract`, `content`, `readnum`, `sortid`, `time`, `lastmodifytime`) VALUES
(178, 'Node.js 的本质', 'test', 'default.jpg', 'req在浏览器很无聊，通过网络跑到了Node.js服务器，它的目的是想见到国王server.js（你编写的代码）a，req想和server.js要一个html文件，可它进入服务器时，迎接它的是个大臣，', '&lt;p style=&quot;margin-top: 20px; margin-bottom: 20px; padding: 0px; text-align: justify; font-size: 14px; white-space: normal; vertical-align: baseline; color: rgb(62, 62, 62); font-family: Helvetica, &amp;#39;Microsoft YaHei&amp;#39;, &amp;#39;STHeiti STXihei&amp;#39;, &amp;#39;Microsoft JhengHei&amp;#39;, Arial; line-height: 21px; background-color: rgb(255, 255, 255);&quot;&gt;我们常常迷失在数据中，纷繁复杂的数据让我们无所适从。可视化作为解决这问题的有效手段，通过视觉的方式让数字易于理解。&lt;br/&gt;数据可视化和信息可视化都是可视化的一种方式，数据可视化将数据库中每一个数据项作为单个图元元素表示，大量的数据集构成数据图像，同时将数据的各个属性值以多维数据的形式表示，可以从不同的维度观察数据，从而对数据进行更深入的观察和分析。信息可视化，旨在把数据资料以视觉化的方式表现出。信息可视化是一种将数据与设计结合起来的图片，有利于个人或组织简短有效地向受众传播信息的数据表现形式。&lt;br/&gt;本文梳理了可视化相关内容，并且根据数据平台组同仁们在可视化项目过程中使用经验，总结一些可视化使用注意事项，与大家分享。&lt;/p&gt;&lt;p style=&quot;margin-top: 20px; margin-bottom: 20px; padding: 0px; text-align: justify; font-size: 14px; white-space: normal; vertical-align: baseline; color: rgb(62, 62, 62); font-family: Helvetica, &amp;#39;Microsoft YaHei&amp;#39;, &amp;#39;STHeiti STXihei&amp;#39;, &amp;#39;Microsoft JhengHei&amp;#39;, Arial; line-height: 21px; background-color: rgb(255, 255, 255);&quot;&gt;&lt;strong style=&quot;color: rgb(34, 34, 34);&quot;&gt;数据可视化的图表类型简介&lt;/strong&gt;&lt;br/&gt;数据可视化有很多既定的图表类型，下面我们分别来谈谈这些图表类型，他们的适用场景，以及使用的优势和劣势。&lt;/p&gt;&lt;p style=&quot;margin-top: 20px; margin-bottom: 20px; padding: 0px; text-align: justify; font-size: 14px; white-space: normal; vertical-align: baseline; color: rgb(62, 62, 62); font-family: Helvetica, &amp;#39;Microsoft YaHei&amp;#39;, &amp;#39;STHeiti STXihei&amp;#39;, &amp;#39;Microsoft JhengHei&amp;#39;, Arial; line-height: 21px; background-color: rgb(255, 255, 255);&quot;&gt;1.柱状图&lt;/p&gt;&lt;p style=&quot;margin-top: 20px; margin-bottom: 20px; padding: 0px; text-align: justify; font-size: 14px; white-space: normal; vertical-align: baseline; color: rgb(62, 62, 62); font-family: Helvetica, &amp;#39;Microsoft YaHei&amp;#39;, &amp;#39;STHeiti STXihei&amp;#39;, &amp;#39;Microsoft JhengHei&amp;#39;, Arial; line-height: 21px; background-color: rgb(255, 255, 255);&quot;&gt;&lt;a href=&quot;http://jdc.jd.com/wp-content/uploads/2015/07/2.png&quot; style=&quot;color: rgb(153, 168, 172); text-decoration: none;&quot;&gt;&lt;img class=&quot;alignnone size-medium wp-image-1336&quot; src=&quot;http://jdc.jd.com/wp-content/uploads/2015/07/2-690x366.png&quot; alt=&quot;2&quot; width=&quot;690&quot; height=&quot;366&quot; data-bd-imgshare-binded=&quot;1&quot; style=&quot;border: 0px none; padding: 2px; display: block; margin: 0px auto; max-width: 100%; vertical-align: top; text-align: center; height: auto;&quot;/&gt;&lt;/a&gt;&lt;/p&gt;&lt;p style=&quot;margin-top: 20px; margin-bottom: 20px; padding: 0px; text-align: justify; font-size: 14px; white-space: normal; vertical-align: baseline; color: rgb(62, 62, 62); font-family: Helvetica, &amp;#39;Microsoft YaHei&amp;#39;, &amp;#39;STHeiti STXihei&amp;#39;, &amp;#39;Microsoft JhengHei&amp;#39;, Arial; line-height: 21px; background-color: rgb(255, 255, 255);&quot;&gt;适用场景：它的适用场合是二维数据集（每个数据点包括两个值x和y），但只有一个维度需要比较。&lt;br/&gt;优势：柱状图利用柱子的高度，反映数据的差异。肉眼对高度差异很敏感，辨识效果非常好。&lt;br/&gt;劣势：柱状图的局限在于只适用中小规模的数据集。&lt;/p&gt;&lt;p style=&quot;margin-top: 20px; margin-bottom: 20px; padding: 0px; text-align: justify; font-size: 14px; white-space: normal; vertical-align: baseline; color: rgb(62, 62, 62); font-family: Helvetica, &amp;#39;Microsoft YaHei&amp;#39;, &amp;#39;STHeiti STXihei&amp;#39;, &amp;#39;Microsoft JhengHei&amp;#39;, Arial; line-height: 21px; background-color: rgb(255, 255, 255);&quot;&gt;2.折线图&lt;/p&gt;&lt;p style=&quot;margin-top: 20px; margin-bottom: 20px; padding: 0px; text-align: justify; font-size: 14px; white-space: normal; vertical-align: baseline; color: rgb(62, 62, 62); font-family: Helvetica, &amp;#39;Microsoft YaHei&amp;#39;, &amp;#39;STHeiti STXihei&amp;#39;, &amp;#39;Microsoft JhengHei&amp;#39;, Arial; line-height: 21px; background-color: rgb(255, 255, 255);&quot;&gt;&lt;a href=&quot;http://jdc.jd.com/wp-content/uploads/2015/07/3.png&quot; style=&quot;color: rgb(153, 168, 172); text-decoration: none;&quot;&gt;&lt;img class=&quot;alignnone size-full wp-image-1337&quot; src=&quot;http://jdc.jd.com/wp-content/uploads/2015/07/3.png&quot; alt=&quot;3&quot; width=&quot;688&quot; height=&quot;454&quot; data-bd-imgshare-binded=&quot;1&quot; style=&quot;border: 0px none; padding: 2px; display: block; margin: 0px auto; max-width: 100%; vertical-align: top; text-align: center; height: auto;&quot;/&gt;&lt;/a&gt;&lt;/p&gt;&lt;p style=&quot;margin-top: 20px; margin-bottom: 20px; padding: 0px; text-align: justify; font-size: 14px; white-space: normal; vertical-align: baseline; color: rgb(62, 62, 62); font-family: Helvetica, &amp;#39;Microsoft YaHei&amp;#39;, &amp;#39;STHeiti STXihei&amp;#39;, &amp;#39;Microsoft JhengHei&amp;#39;, Arial; line-height: 21px; background-color: rgb(255, 255, 255);&quot;&gt;适用场景: 折线图适合二维的大数据集，尤其是那些趋势比单个数据点更重要的场合。它还适合多个二维数据集的比较。&lt;br/&gt;优势：容易反应出数据变化的趋势。&lt;/p&gt;&lt;p style=&quot;margin-top: 20px; margin-bottom: 20px; padding: 0px; text-align: justify; font-size: 14px; white-space: normal; vertical-align: baseline; color: rgb(62, 62, 62); font-family: Helvetica, &amp;#39;Microsoft YaHei&amp;#39;, &amp;#39;STHeiti STXihei&amp;#39;, &amp;#39;Microsoft JhengHei&amp;#39;, Arial; line-height: 21px; background-color: rgb(255, 255, 255);&quot;&gt;3.饼图&lt;/p&gt;&lt;p style=&quot;margin-top: 20px; margin-bottom: 20px; padding: 0px; text-align: justify; font-size: 14px; white-space: normal; vertical-align: baseline; color: rgb(62, 62, 62); font-family: Helvetica, &amp;#39;Microsoft YaHei&amp;#39;, &amp;#39;STHeiti STXihei&amp;#39;, &amp;#39;Microsoft JhengHei&amp;#39;, Arial; line-height: 21px; background-color: rgb(255, 255, 255);&quot;&gt;&lt;a href=&quot;http://jdc.jd.com/wp-content/uploads/2015/07/4.png&quot; style=&quot;color: rgb(153, 168, 172); text-decoration: none;&quot;&gt;&lt;img class=&quot;alignnone size-full wp-image-1338&quot; src=&quot;http://jdc.jd.com/wp-content/uploads/2015/07/4.png&quot; alt=&quot;4&quot; width=&quot;688&quot; height=&quot;454&quot; data-bd-imgshare-binded=&quot;1&quot; style=&quot;border: 0px none; padding: 2px; display: block; margin: 0px auto; max-width: 100%; vertical-align: top; text-align: center; height: auto;&quot;/&gt;&lt;/a&gt;&lt;/p&gt;&lt;p style=&quot;margin-top: 20px; margin-bottom: 20px; padding: 0px; text-align: justify; font-size: 14px; white-space: normal; vertical-align: baseline; color: rgb(62, 62, 62); font-family: Helvetica, &amp;#39;Microsoft YaHei&amp;#39;, &amp;#39;STHeiti STXihei&amp;#39;, &amp;#39;Microsoft JhengHei&amp;#39;, Arial; line-height: 21px; background-color: rgb(255, 255, 255);&quot;&gt;适用场景：适用简单的占比图，在不要求数据精细的情况下可以适用。&lt;br/&gt;劣势：饼图是一种应该避免使用的图表，因为肉眼对面积大小不敏感。&lt;/p&gt;&lt;p style=&quot;margin-top: 20px; margin-bottom: 20px; padding: 0px; text-align: justify; font-size: 14px; white-space: normal; vertical-align: baseline; color: rgb(62, 62, 62); font-family: Helvetica, &amp;#39;Microsoft YaHei&amp;#39;, &amp;#39;STHeiti STXihei&amp;#39;, &amp;#39;Microsoft JhengHei&amp;#39;, Arial; line-height: 21px; background-color: rgb(255, 255, 255);&quot;&gt;4.漏斗图&lt;/p&gt;&lt;p style=&quot;margin-top: 20px; margin-bottom: 20px; padding: 0px; text-align: justify; font-size: 14px; white-space: normal; vertical-align: baseline; color: rgb(62, 62, 62); font-family: Helvetica, &amp;#39;Microsoft YaHei&amp;#39;, &amp;#39;STHeiti STXihei&amp;#39;, &amp;#39;Microsoft JhengHei&amp;#39;, Arial; line-height: 21px; background-color: rgb(255, 255, 255);&quot;&gt;&lt;a href=&quot;http://jdc.jd.com/wp-content/uploads/2015/07/5.png&quot; style=&quot;color: rgb(153, 168, 172); text-decoration: none;&quot;&gt;&lt;img class=&quot;alignnone size-full wp-image-1339&quot; src=&quot;http://jdc.jd.com/wp-content/uploads/2015/07/5.png&quot; alt=&quot;5&quot; width=&quot;688&quot; height=&quot;454&quot; data-bd-imgshare-binded=&quot;1&quot; style=&quot;border: 0px none; padding: 2px; display: block; margin: 0px auto; max-width: 100%; vertical-align: top; text-align: center; height: auto;&quot;/&gt;&lt;/a&gt;&lt;/p&gt;&lt;p style=&quot;margin-top: 20px; margin-bottom: 20px; padding: 0px; text-align: justify; font-size: 14px; white-space: normal; vertical-align: baseline; color: rgb(62, 62, 62); font-family: Helvetica, &amp;#39;Microsoft YaHei&amp;#39;, &amp;#39;STHeiti STXihei&amp;#39;, &amp;#39;Microsoft JhengHei&amp;#39;, Arial; line-height: 21px; background-color: rgb(255, 255, 255);&quot;&gt;适用场景：漏斗图适用于业务流程比较规范、周期长、环节多的流程分析，通过漏斗各环节业务数据的比较，能够直观地发现和说明问题所在。&lt;br/&gt;优势:能够直观地发现和说明问题所在。在网站分析中，通常用于转化率比较，它不仅能展示用户从进入网站到实现购买的最终转化率，还可以展示每个步骤的转化率。&lt;br/&gt;劣势:单一漏斗图无法评价网站某个关键流程中各步骤转化率的好坏。&lt;/p&gt;&lt;p style=&quot;margin-top: 20px; margin-bottom: 20px; padding: 0px; text-align: justify; font-size: 14px; white-space: normal; vertical-align: baseline; color: rgb(62, 62, 62); font-family: Helvetica, &amp;#39;Microsoft YaHei&amp;#39;, &amp;#39;STHeiti STXihei&amp;#39;, &amp;#39;Microsoft JhengHei&amp;#39;, Arial; line-height: 21px; background-color: rgb(255, 255, 255);&quot;&gt;5.地图&lt;/p&gt;&lt;p style=&quot;margin-top: 20px; margin-bottom: 20px; padding: 0px; text-align: justify; font-size: 14px; white-space: normal; vertical-align: baseline; color: rgb(62, 62, 62); font-family: Helvetica, &amp;#39;Microsoft YaHei&amp;#39;, &amp;#39;STHeiti STXihei&amp;#39;, &amp;#39;Microsoft JhengHei&amp;#39;, Arial; line-height: 21px; background-color: rgb(255, 255, 255);&quot;&gt;&lt;a href=&quot;http://jdc.jd.com/wp-content/uploads/2015/07/7.png&quot; style=&quot;color: rgb(153, 168, 172); text-decoration: none;&quot;&gt;&lt;img class=&quot;alignnone size-medium wp-image-1340&quot; src=&quot;http://jdc.jd.com/wp-content/uploads/2015/07/7-690x555.png&quot; alt=&quot;7&quot; width=&quot;690&quot; height=&quot;555&quot; data-bd-imgshare-binded=&quot;1&quot; style=&quot;border: 0px none; padding: 2px; display: block; margin: 0px auto; max-width: 100%; vertical-align: top; text-align: center; height: auto;&quot;/&gt;&lt;/a&gt;&lt;/p&gt;&lt;p style=&quot;margin-top: 20px; margin-bottom: 20px; padding: 0px; text-align: justify; font-size: 14px; white-space: normal; vertical-align: baseline; color: rgb(62, 62, 62); font-family: Helvetica, &amp;#39;Microsoft YaHei&amp;#39;, &amp;#39;STHeiti STXihei&amp;#39;, &amp;#39;Microsoft JhengHei&amp;#39;, Arial; line-height: 21px; background-color: rgb(255, 255, 255);&quot;&gt;适用场景：适用于有空间位置的数据集。&lt;br/&gt;优劣势：特殊状况下使用。&lt;/p&gt;&lt;p style=&quot;margin-top: 20px; margin-bottom: 20px; padding: 0px; text-align: justify; font-size: 14px; white-space: normal; vertical-align: baseline; color: rgb(62, 62, 62); font-family: Helvetica, &amp;#39;Microsoft YaHei&amp;#39;, &amp;#39;STHeiti STXihei&amp;#39;, &amp;#39;Microsoft JhengHei&amp;#39;, Arial; line-height: 21px; background-color: rgb(255, 255, 255);&quot;&gt;6.雷达图&lt;/p&gt;&lt;p style=&quot;margin-top: 20px; margin-bottom: 20px; padding: 0px; text-align: justify; font-size: 14px; white-space: normal; vertical-align: baseline; color: rgb(62, 62, 62); font-family: Helvetica, &amp;#39;Microsoft YaHei&amp;#39;, &amp;#39;STHeiti STXihei&amp;#39;, &amp;#39;Microsoft JhengHei&amp;#39;, Arial; line-height: 21px; background-color: rgb(255, 255, 255);&quot;&gt;&lt;a href=&quot;http://jdc.jd.com/wp-content/uploads/2015/07/8.png&quot; style=&quot;color: rgb(153, 168, 172); text-decoration: none;&quot;&gt;&lt;img class=&quot;alignnone size-full wp-image-1341&quot; src=&quot;http://jdc.jd.com/wp-content/uploads/2015/07/8.png&quot; alt=&quot;8&quot; width=&quot;688&quot; height=&quot;454&quot; data-bd-imgshare-binded=&quot;1&quot; style=&quot;border: 0px none; padding: 2px; display: block; margin: 0px auto; max-width: 100%; vertical-align: top; text-align: center; height: auto;&quot;/&gt;&lt;/a&gt;适用场景：雷达图适用于多维数据（四维以上），且每个维度必须可以排序。但是，它有一个局限，就是数据点最多6个，否则无法辨别，因此适用场合有限。&lt;/p&gt;&lt;p&gt;&lt;br/&gt;&lt;/p&gt;', 63, 1, 1464000080, 1464125931);

-- --------------------------------------------------------

--
-- 表的结构 `cjt_articletag`
--

CREATE TABLE IF NOT EXISTS `cjt_articletag` (
  `articleid` int(5) DEFAULT NULL COMMENT '文章id',
  `tagid` int(5) DEFAULT NULL COMMENT '文章标签id'
) ENGINE=InnoDB DEFAULT CHARSET=utf8;

--
-- 转存表中的数据 `cjt_articletag`
--

INSERT INTO `cjt_articletag` (`articleid`, `tagid`) VALUES
(45, 5),
(50, 3),
(67, NULL),
(68, NULL),
(156, 2),
(157, 1),
(157, 2),
(157, 3),
(157, 4),
(157, 7),
(158, 4),
(164, 3),
(164, 4),
(165, 1),
(165, 2),
(166, 2),
(166, 3),
(169, 1),
(169, 2),
(52, 1),
(52, 2),
(47, 2),
(47, 3),
(57, 1),
(57, 2),
(43, 1),
(43, 3),
(56, 2),
(56, 4),
(168, 2),
(168, 3),
(170, 1),
(170, 2),
(170, 3),
(170, 4),
(170, 7),
(172, 2),
(172, 3),
(173, 1),
(173, 2),
(171, 1),
(171, 2),
(174, 1),
(174, 3),
(174, 10),
(163, 3),
(175, 3),
(176, 3),
(178, 8);

-- --------------------------------------------------------

--
-- 表的结构 `cjt_comment`
--

CREATE TABLE IF NOT EXISTS `cjt_comment` (
  `commentid` int(5) unsigned NOT NULL AUTO_INCREMENT COMMENT '评论id',
  `commentcontent` varchar(120) NOT NULL COMMENT '评论内容',
  `commentauthor` varchar(50) NOT NULL COMMENT '评论者',
  `personsite` varchar(50) DEFAULT NULL COMMENT '评论者个人站点',
  `commenttime` int(50) NOT NULL COMMENT '评论时间',
  `articleid` int(5) DEFAULT NULL COMMENT '评论所在文章id',
  `status` tinyint(5) DEFAULT '0' COMMENT '留言审核状态，0表示待审核，1表示审核通过',
  PRIMARY KEY (`commentid`)
) ENGINE=InnoDB  DEFAULT CHARSET=utf8 AUTO_INCREMENT=49 ;

--
-- 转存表中的数据 `cjt_comment`
--

INSERT INTO `cjt_comment` (`commentid`, `commentcontent`, `commentauthor`, `personsite`, `commenttime`, `articleid`, `status`) VALUES
(1, '留言1', '张三', 'http://www.baidu.com', 1463587876, 52, 0),
(2, '留言2', '李四', 'jdc.jd.com', 1463851149, 56, 0),
(3, '留言3', '王五', 'qzone.qq.com', 1463851546, 57, 0),
(4, '留言4', '赵六', 'www.taobao.com', 545641541, 178, 0),
(5, '23', '23', '23', 1464094358, 174, 0),
(6, '234234额', '324234', '234', 1464094902, 178, 0),
(7, '234234额', '324234', '234', 1464094929, 178, 0),
(8, '234234额', '324234', '234', 1464095110, 178, 0),
(9, '234234额', '324234', '234', 1464095138, 178, 0),
(10, '234234额', '324234', '234', 1464095166, 178, 0),
(11, '234', '23423', '234', 1464095644, 178, 0),
(12, '234', '234234', '234', 1464095670, 174, 0),
(13, '234', '23423', '234', 1464095935, 175, 0),
(14, '水电费', '大闸蟹发送到盛大富翁', '水电费', 1464096395, 178, 0),
(16, '234', '234234', '234', 1464096795, 178, 0),
(17, '234', '234234', '234', 1464096814, 178, 0),
(18, '234', '234234', '234', 1464096843, 178, 0),
(19, 'sdf', 'dsfs', 'd', 1464096949, 174, 0),
(20, '234', '234234', '234', 1464097060, 174, 0),
(21, '23', '23', '23', 1464097336, 174, 0),
(22, '234', '234234', '234', 1464097406, 174, 0),
(23, '234', '2342', '234', 1464097487, 174, 0),
(24, 'wer', 'wer', 'rwer', 1464097509, 174, 0),
(25, 'wer', 'wer', 'rwer', 1464097598, 174, 0),
(28, '234', '1234234', '2342', 1464098779, 178, 0),
(32, '234', '2323', '234', 1464100111, 176, 0),
(33, 'qwe', 'qweqwe', 'qwe', 1464100176, 170, 0),
(35, '234', '32423', '23423424', 1464100405, 178, 0),
(36, '去', '去', '去', 1464100420, 176, 0),
(39, '其全球去去去去去去去去去去去去去', '去去去去去去去去去去去去去', '去去去去去去去去去去去去', 1464107633, 178, 0),
(40, '测试', '企鹅我去问', 'jdc.jd.com', 1464107930, 57, 1),
(41, '12312423948', '测试', 'www.chenjt.com', 1464108129, 52, 1),
(43, 'sjfoiwe', 'sdfjoiwehio', 'http://www.baidu.com', 1464108320, 52, 1),
(46, 'werwer', 'wer', 'http://www.baidu.com', 1464112606, 178, 1);

-- --------------------------------------------------------

--
-- 表的结构 `cjt_sort`
--

CREATE TABLE IF NOT EXISTS `cjt_sort` (
  `sortid` int(5) unsigned NOT NULL AUTO_INCREMENT COMMENT '分类id',
  `sortname` varchar(40) DEFAULT NULL COMMENT '分类名称',
  PRIMARY KEY (`sortid`)
) ENGINE=InnoDB  DEFAULT CHARSET=utf8 AUTO_INCREMENT=23 ;

--
-- 转存表中的数据 `cjt_sort`
--

INSERT INTO `cjt_sort` (`sortid`, `sortname`) VALUES
(1, '前端2'),
(10, '水电费'),
(11, '是否'),
(12, '访问'),
(14, '单位'),
(15, '无法为'),
(16, '为人父'),
(17, '法无法2'),
(18, '法无法奥迪'),
(22, '生活');

-- --------------------------------------------------------

--
-- 表的结构 `cjt_tag`
--

CREATE TABLE IF NOT EXISTS `cjt_tag` (
  `tagid` int(5) unsigned NOT NULL AUTO_INCREMENT,
  `tagname` varchar(40) NOT NULL COMMENT '文章标签名称',
  PRIMARY KEY (`tagid`)
) ENGINE=InnoDB  DEFAULT CHARSET=utf8 AUTO_INCREMENT=9 ;

--
-- 转存表中的数据 `cjt_tag`
--

INSERT INTO `cjt_tag` (`tagid`, `tagname`) VALUES
(1, 'jQuery'),
(2, 'Bootstrap'),
(3, 'JavaScript'),
(4, 'Angularjs'),
(8, 'Nodejs');

/*!40101 SET CHARACTER_SET_CLIENT=@OLD_CHARACTER_SET_CLIENT */;
/*!40101 SET CHARACTER_SET_RESULTS=@OLD_CHARACTER_SET_RESULTS */;
/*!40101 SET COLLATION_CONNECTION=@OLD_COLLATION_CONNECTION */;
